codigo,descricao,periodo,valor,arquivo
2,Reservas de lucros,2021-06-30,296010145.09,anexo-pilar3-circular-3930-q2-2021.xlsx
3,Outras receitas e outras reservas,2021-06-30,7332027.550000001,anexo-pilar3-circular-3930-q2-2021.xlsx
5,Participação de não controladores nos instrumentos emitidos por subsidiárias do conglomerado prudencial e elegíveis ao seu Capital Principal,2021-06-30,0.0,anexo-pilar3-circular-3930-q2-2021.xlsx
6,Capital Principal antes dos ajustes prudenciais,2021-06-30,3108267173.14,anexo-pilar3-circular-3930-q2-2021.xlsx
7,"Ajustes prudenciais relativos a apreçamentos de
instrumentos financeiros (PVA)",2021-06-30,0.0,anexo-pilar3-circular-3930-q2-2021.xlsx
8,Ágios pagos na aquisição de investimentos com fundamento em expectativa de rentabilidade futura,2021-06-30,1450985114.71,anexo-pilar3-circular-3930-q2-2021.xlsx
9,Ativos intangíveis,2021-06-30,8588874.67,anexo-pilar3-circular-3930-q2-2021.xlsx
10,Créditos tributários decorrentes de prejuízos fiscais e de base negativa de Contribuição Social sobre o Lucro Líquido e os originados dessa contribuição relativos a períodos de apuração encerrados até 31 de dezembro de 1998,2021-06-30,0.0,anexo-pilar3-circular-3930-q2-2021.xlsx
11,Ajustes relativos ao valor de mercado dos instrumentos financeiros derivativos utilizados para hedge de fluxo de caixa de itens protegidos cujos ajustes de marcação a mercado não são registrados contabilmente,2021-06-30,0.0,anexo-pilar3-circular-3930-q2-2021.xlsx
15,Ativos atuariais relacionados a fundos de pensão de benefício definido,2021-06-30,0.0,anexo-pilar3-circular-3930-q2-2021.xlsx
16,"Ações ou outros instrumentos de emissão própria autorizados a compor o Capital Principal da instituição ou conglomerado, adquiridos diretamente, indiretamente ou de forma sintética",2021-06-30,0.0,anexo-pilar3-circular-3930-q2-2021.xlsx
17,Valor total das deduções relativas às aquisições recíprocas de Capital Principal ,2021-06-30,0.0,anexo-pilar3-circular-3930-q2-2021.xlsx
18,"Valor total das deduções relativas às participações líquidas não significativas em Capital Principal de instituições autorizadas a funcionar pelo Banco Central do Brasil e de instituições financeiras no exterior não consolidadas e em capital social de empresas assemelhadas a instituições financeiras não consolidadas, sociedades seguradoras, resseguradoras, de capitalização e entidades abertas de previdência complementar",2021-06-30,0.0,anexo-pilar3-circular-3930-q2-2021.xlsx
19,"Valor total das deduções relativas às participações líquidas significativas em Capital Principal de instituições autorizadas a funcionar pelo Banco Central do Brasil e de instituições financeiras no exterior não consolidadas e em capital social de empresas assemelhadas a instituições financeiras não consolidadas, sociedades seguradoras, resseguradoras, de capitalização e entidades abertas de previdência complementar, que exceda 10% do valor do Capital Principal da própria instituição ou conglomerado, desconsiderando deduções específicas",2021-06-30,0.0,anexo-pilar3-circular-3930-q2-2021.xlsx
21,"Valor total das deduções relativas aos créditos tributários decorrentes de diferenças temporárias que dependam de geração de lucros ou receitas tributáveis futuras para sua realização, que exceda 10% do Capital Principal da própria instituição ou conglomerado, desconsiderando deduções específicas",2021-06-30,0.0,anexo-pilar3-circular-3930-q2-2021.xlsx
22,"Valor que excede, de forma agregada, 15% do Capital Principal da própria instituição ou conglomerado ",2021-06-30,0.0,anexo-pilar3-circular-3930-q2-2021.xlsx
23,"   do qual: oriundo de participações líquidas significativas em Capital Principal de instituições autorizadas a funcionar pelo Banco Central do Brasil e de instituições financeiras no exterior não consolidadas e em capital social de empresas assemelhadas a instituições financeiras não consolidadas, de sociedades seguradoras, resseguradoras, de capitalização e de entidades abertas de previdência complementar",2021-06-30,0.0,anexo-pilar3-circular-3930-q2-2021.xlsx
25,   do qual: oriundo de créditos tributários decorrentes de diferenças temporárias que dependam de geração de lucros ou receitas tributáveis futuras para sua realização,2021-06-30,0.0,anexo-pilar3-circular-3930-q2-2021.xlsx
26,Ajustes regulatórios nacionais,2021-06-30,0.0,anexo-pilar3-circular-3930-q2-2021.xlsx
27,Dedução aplicada ao Capital Principal decorrente de insuficiência de Capital Complementar e de Nível II para cobrir as respectivas deduções nesses componentes,2021-06-30,0.0,anexo-pilar3-circular-3930-q2-2021.xlsx
28,Total de deduções regulatórias ao Capital Principal,2021-06-30,1459573989.38,anexo-pilar3-circular-3930-q2-2021.xlsx
29,Capital Principal,2021-06-30,1648693183.7599998,anexo-pilar3-circular-3930-q2-2021.xlsx
30,Instrumentos elegíveis ao Capital Complementar,2021-06-30,0.0,anexo-pilar3-circular-3930-q2-2021.xlsx
31,"   dos quais: classificados como capital social
conforme as regras contábeis",2021-06-30,0.0,anexo-pilar3-circular-3930-q2-2021.xlsx
32,"   dos quais: classificados como passivo
conforme as regras contábeis",2021-06-30,0.0,anexo-pilar3-circular-3930-q2-2021.xlsx
33,"Instrumentos autorizados a compor o Capital Complementar antes da entrada em vigor da Resolução nº 4.192, de 2013",2021-06-30,0.0,anexo-pilar3-circular-3930-q2-2021.xlsx
34,Participação de não controladores nos instrumentos emitidos por subsidiárias da instituição ou conglomerado e elegíveis ao seu Capital Complementar ,2021-06-30,0.0,anexo-pilar3-circular-3930-q2-2021.xlsx
35,"   da qual: instrumentos emitidos por subsidiárias antes da entrada em vigor da Resolução nº 4.192, de 2013",2021-06-30,0.0,anexo-pilar3-circular-3930-q2-2021.xlsx
36,Capital Complementar antes das deduções regulatórias,2021-06-30,0.0,anexo-pilar3-circular-3930-q2-2021.xlsx
37,"Ações ou outros instrumentos de emissão própria autorizados a compor o Capital Complementar da instituição ou conglomerado, adquiridos diretamente, indiretamente ou de forma sintética",2021-06-30,0.0,anexo-pilar3-circular-3930-q2-2021.xlsx
38,Valor total das deduções relativas às aquisições recíprocas de Capital Complementar,2021-06-30,0.0,anexo-pilar3-circular-3930-q2-2021.xlsx
39,Valor total das deduções relativas aos investimentos líquidos não significativos em Capital Complementar de instituições autorizadas a funcionar pelo Banco Central do Brasil e de instituições financeiras no exterior não consolidadas,2021-06-30,0.0,anexo-pilar3-circular-3930-q2-2021.xlsx
40,Valor total das deduções relativas aos investimentos líquidos significativos em Capital Complementar de instituições autorizadas a funcionar pelo Banco Central do Brasil e de instituições financeiras no exterior não consolidadas,2021-06-30,0.0,anexo-pilar3-circular-3930-q2-2021.xlsx
41,Ajustes regulatórios nacionais,2021-06-30,0.0,anexo-pilar3-circular-3930-q2-2021.xlsx
42,Dedução aplicada ao Capital Complementar decorrente de insuficiência de Nível II para cobrir a dedução nesse componente,2021-06-30,0.0,anexo-pilar3-circular-3930-q2-2021.xlsx
43,Total de deduções regulatórias ao Capital Complementar,2021-06-30,0.0,anexo-pilar3-circular-3930-q2-2021.xlsx
44,Capital Complementar,2021-06-30,0.0,anexo-pilar3-circular-3930-q2-2021.xlsx
45,Nível I,2021-06-30,1648693183.7599998,anexo-pilar3-circular-3930-q2-2021.xlsx
46,Instrumentos elegíveis ao Nível II,2021-06-30,95840185.28,anexo-pilar3-circular-3930-q2-2021.xlsx
47,"Instrumentos autorizados a compor o Nível II antes da entrada em vigor da Resolução nº 4.192, de 2013",2021-06-30,0.0,anexo-pilar3-circular-3930-q2-2021.xlsx
48,Participação de não controladores nos instrumentos emitidos por subsidiárias do conglomerado e elegíveis ao seu Nível II,2021-06-30,0.0,anexo-pilar3-circular-3930-q2-2021.xlsx
49,"da qual: instrumentos emitidos por subsidiárias antes da entrada em vigor da Resolução nº 4.192, de 2013",2021-06-30,0.0,anexo-pilar3-circular-3930-q2-2021.xlsx
51,Nível II antes das deduções regulatórias,2021-06-30,95840185.28,anexo-pilar3-circular-3930-q2-2021.xlsx
52,"Ações ou outros instrumentos de emissão própria, autorizados a compor o Nível II da instituição ou conglomerado, adquiridos diretamente, indiretamente ou de forma sintética",2021-06-30,0.0,anexo-pilar3-circular-3930-q2-2021.xlsx
53,Valor total das deduções relativas às aquisições recíprocas de Nível II,2021-06-30,0.0,anexo-pilar3-circular-3930-q2-2021.xlsx
54,Valor total das deduções relativas aos investimentos líquidos não significativos em instrumentos de Nível II e em instrumentos reconhecidos como TLAC emitidos por instituições autorizadas a funcionar pelo Banco Central do Brasil ou por instituições financeiras no exterior não consolidadas,2021-06-30,0.0,anexo-pilar3-circular-3930-q2-2021.xlsx
55,Valor total das deduções relativas aos investimentos líquidos significativos em instrumentos de Nível II e em instrumentos reconhecidos como TLAC emitidos por instituições autorizadas a funcionar pelo Banco Central do  Brasil ou por instituições financeiras no exterior não consolidadas,2021-06-30,0.0,anexo-pilar3-circular-3930-q2-2021.xlsx
56,Ajustes regulatórios nacionais,2021-06-30,0.0,anexo-pilar3-circular-3930-q2-2021.xlsx
57,Total de deduções regulatórias ao Nível II,2021-06-30,0.0,anexo-pilar3-circular-3930-q2-2021.xlsx
58,Nível II,2021-06-30,95840185.28,anexo-pilar3-circular-3930-q2-2021.xlsx
59,Patrimônio de Referência,2021-06-30,1744533369.0399997,anexo-pilar3-circular-3930-q2-2021.xlsx
60,Total de ativos ponderados pelo risco (RWA),2021-06-30,4649033367.4,anexo-pilar3-circular-3930-q2-2021.xlsx
61,Índice de Capital Principal (ICP),2021-06-30,0.35463139398417387,anexo-pilar3-circular-3930-q2-2021.xlsx
62,Índice de Nível I (IN1),2021-06-30,0.35463139398417387,anexo-pilar3-circular-3930-q2-2021.xlsx
63,Índice de Basileia (IB),2021-06-30,0.3752464719382388,anexo-pilar3-circular-3930-q2-2021.xlsx
64,Percentual do adicional de Capital Principal (em relação ao RWA),2021-06-30,0.01625,anexo-pilar3-circular-3930-q2-2021.xlsx
65,   do qual: adicional para conservação de capital - ACPConservação,2021-06-30,0.01625,anexo-pilar3-circular-3930-q2-2021.xlsx
66,   do qual: adicional contracíclico - ACPContracíclico,2021-06-30,0.0,anexo-pilar3-circular-3930-q2-2021.xlsx
67,   do qual: Adicional de Importância Sistêmica de Capital Principal - ACPSistêmico,2021-06-30,0.0,anexo-pilar3-circular-3930-q2-2021.xlsx
68,"Capital Principal excedente ao montante utilizado para cumprimento dos requerimentos de capital, como proporção do RWA (%)",2021-06-30,0.3096,anexo-pilar3-circular-3930-q2-2021.xlsx
72,"Valor total, sujeito à ponderação de risco, das participações não significativas em Capital Principal de instituições autorizadas a funcionar pelo Banco Central do Brasil e de instituições financeiras no exterior não consolidas e em capital social de empresas assemelhadas a instituições financeiras não consolidadas, sociedades seguradoras, ] resseguradoras, de capitalização e entidades abertas de previdência complementar, bem como dos investimentos não significativos em Capital Complementar, em instrumentos de Nível II e em instrumentos reconhecidos como TLAC emitidos por instituições financeiras autorizadas a funcionar pelo Banco Central do Brasil ou por instituições financeiras no exterior não consolidadas",2021-06-30,0.0,anexo-pilar3-circular-3930-q2-2021.xlsx
73,"Valor total, sujeito à ponderação de risco, das participações significativas em Capital Principal de instituições autorizadas a funcionar pelo Banco Central do Brasil e de instituições financeiras no exterior não consolidas e em capital social de empresas assemelhadas a instituições financeiras não consolidadas, sociedades seguradoras, resseguradoras, de capitalização e entidades abertas de previdência complementar",2021-06-30,79334994.88,anexo-pilar3-circular-3930-q2-2021.xlsx
75,"Valor total, sujeito à ponderação de risco, de créditos tributários decorrentes de diferenças temporárias que dependam de geração de lucros ou receitas tributáveis futuras para sua realização, não deduzidos do Capital Principal",2021-06-30,5990855.32,anexo-pilar3-circular-3930-q2-2021.xlsx
82,"Limite atual para os instrumentos autorizados a compor o Capital Complementar antes da entrada em vigor da Resolução nº 4.192, de 2013",2021-06-30,0.0,anexo-pilar3-circular-3930-q2-2021.xlsx
83,Valor excluído do Capital Complementar devido ao limite da linha 82,2021-06-30,0.0,anexo-pilar3-circular-3930-q2-2021.xlsx
84,"Limite atual para os instrumentos autorizados a compor o Nível II antes da entrada em vigor da Resolução nº 4.192, de 2013",2021-06-30,0.0,anexo-pilar3-circular-3930-q2-2021.xlsx
85,Valor excluído do Nível II devido ao limite da linha 84,2021-06-30,0.0,anexo-pilar3-circular-3930-q2-2021.xlsx
26.a,   Ativos permanentes diferidos,2021-06-30,0.0,anexo-pilar3-circular-3930-q2-2021.xlsx
26.b,"   Investimentos em dependências, instituições financeiras controladas no exterior ou entidades não financeiras que componham o conglomerado, em relação às quais o Banco Central do Brasil não tenha acesso a informações, dados e documentos",2021-06-30,0.0,anexo-pilar3-circular-3930-q2-2021.xlsx
26.d,   Aumento de capital social não autorizado,2021-06-30,0.0,anexo-pilar3-circular-3930-q2-2021.xlsx
26.e,   Excedente do valor ajustado de Capital Principal,2021-06-30,0.0,anexo-pilar3-circular-3930-q2-2021.xlsx
26.f,   Depósito para suprir deficiência de capital,2021-06-30,0.0,anexo-pilar3-circular-3930-q2-2021.xlsx
26.g,"   Montante dos ativos intangíveis constituídos antes da entrada em vigor da Resolução nº 4.192, de 2013",2021-06-30,0.0,anexo-pilar3-circular-3930-q2-2021.xlsx
26.h,   Excesso dos recursos aplicados no Ativo Permanente,2021-06-30,0.0,anexo-pilar3-circular-3930-q2-2021.xlsx
26.i,"   Destaque do PR, conforme Resolução nº 4.589, de 29 de junho de 2017",2021-06-30,0.0,anexo-pilar3-circular-3930-q2-2021.xlsx
26.j,   Outras diferenças residuais relativas à metodologia de apuração do Capital Principal para fins regulatórios,2021-06-30,0.0,anexo-pilar3-circular-3930-q2-2021.xlsx
41.b,Participação de não controladores no Capital Complementar,2021-06-30,0.0,anexo-pilar3-circular-3930-q2-2021.xlsx
41.c,Outras diferenças residuais relativas à metodologia de apuração do Capital Complementar para fins regulatórios,2021-06-30,0.0,anexo-pilar3-circular-3930-q2-2021.xlsx
56.b,Participação de não controladores no Nível II,2021-06-30,0.0,anexo-pilar3-circular-3930-q2-2021.xlsx
56.c,Outras diferenças residuais relativas à metodologia de apuração do Nível II para fins de regulatórios,2021-06-30,0.0,anexo-pilar3-circular-3930-q2-2021.xlsx
2,Reservas de lucros,2021-12-31,693136413.14,anexo-pilar3-circular-3930-q4-2021.xlsx
3,Outras receitas e outras reservas,2021-12-31,44382772.68999999,anexo-pilar3-circular-3930-q4-2021.xlsx
5,Participação de não controladores nos instrumentos emitidos por subsidiárias do conglomerado prudencial e elegíveis ao seu Capital Principal,2021-12-31,0.0,anexo-pilar3-circular-3930-q4-2021.xlsx
6,Capital Principal antes dos ajustes prudenciais,2021-12-31,4092444186.33,anexo-pilar3-circular-3930-q4-2021.xlsx
7,"Ajustes prudenciais relativos a apreçamentos de
instrumentos financeiros (PVA)",2021-12-31,0.0,anexo-pilar3-circular-3930-q4-2021.xlsx
8,Ágios pagos na aquisição de investimentos com fundamento em expectativa de rentabilidade futura,2021-12-31,1209602272.71,anexo-pilar3-circular-3930-q4-2021.xlsx
9,Ativos intangíveis,2021-12-31,231728122.43,anexo-pilar3-circular-3930-q4-2021.xlsx
10,Créditos tributários decorrentes de prejuízos fiscais e de base negativa de Contribuição Social sobre o Lucro Líquido e os originados dessa contribuição relativos a períodos de apuração encerrados até 31 de dezembro de 1998,2021-12-31,45959944.47,anexo-pilar3-circular-3930-q4-2021.xlsx
11,Ajustes relativos ao valor de mercado dos instrumentos financeiros derivativos utilizados para hedge de fluxo de caixa de itens protegidos cujos ajustes de marcação a mercado não são registrados contabilmente,2021-12-31,0.0,anexo-pilar3-circular-3930-q4-2021.xlsx
15,Ativos atuariais relacionados a fundos de pensão de benefício definido,2021-12-31,0.0,anexo-pilar3-circular-3930-q4-2021.xlsx
16,"Ações ou outros instrumentos de emissão própria autorizados a compor o Capital Principal da instituição ou conglomerado, adquiridos diretamente, indiretamente ou de forma sintética",2021-12-31,0.0,anexo-pilar3-circular-3930-q4-2021.xlsx
17,Valor total das deduções relativas às aquisições recíprocas de Capital Principal ,2021-12-31,0.0,anexo-pilar3-circular-3930-q4-2021.xlsx
18,"Valor total das deduções relativas às participações líquidas não significativas em Capital Principal de instituições autorizadas a funcionar pelo Banco Central do Brasil e de instituições financeiras no exterior não consolidadas e em capital social de empresas assemelhadas a instituições financeiras não consolidadas, sociedades seguradoras, resseguradoras, de capitalização e entidades abertas de previdência complementar",2021-12-31,0.0,anexo-pilar3-circular-3930-q4-2021.xlsx
19,"Valor total das deduções relativas às participações líquidas significativas em Capital Principal de instituições autorizadas a funcionar pelo Banco Central do Brasil e de instituições financeiras no exterior não consolidadas e em capital social de empresas assemelhadas a instituições financeiras não consolidadas, sociedades seguradoras, resseguradoras, de capitalização e entidades abertas de previdência complementar, que exceda 10% do valor do Capital Principal da própria instituição ou conglomerado, desconsiderando deduções específicas",2021-12-31,0.0,anexo-pilar3-circular-3930-q4-2021.xlsx
21,"Valor total das deduções relativas aos créditos tributários decorrentes de diferenças temporárias que dependam de geração de lucros ou receitas tributáveis futuras para sua realização, que exceda 10% do Capital Principal da própria instituição ou conglomerado, desconsiderando deduções específicas",2021-12-31,0.0,anexo-pilar3-circular-3930-q4-2021.xlsx
22,"Valor que excede, de forma agregada, 15% do Capital Principal da própria instituição ou conglomerado ",2021-12-31,0.0,anexo-pilar3-circular-3930-q4-2021.xlsx
23,"   do qual: oriundo de participações líquidas significativas em Capital Principal de instituições autorizadas a funcionar pelo Banco Central do Brasil e de instituições financeiras no exterior não consolidadas e em capital social de empresas assemelhadas a instituições financeiras não consolidadas, de sociedades seguradoras, resseguradoras, de capitalização e de entidades abertas de previdência complementar",2021-12-31,0.0,anexo-pilar3-circular-3930-q4-2021.xlsx
25,   do qual: oriundo de créditos tributários decorrentes de diferenças temporárias que dependam de geração de lucros ou receitas tributáveis futuras para sua realização,2021-12-31,0.0,anexo-pilar3-circular-3930-q4-2021.xlsx
26,Ajustes regulatórios nacionais,2021-12-31,0.0,anexo-pilar3-circular-3930-q4-2021.xlsx
27,Dedução aplicada ao Capital Principal decorrente de insuficiência de Capital Complementar e de Nível II para cobrir as respectivas deduções nesses componentes,2021-12-31,0.0,anexo-pilar3-circular-3930-q4-2021.xlsx
28,Total de deduções regulatórias ao Capital Principal,2021-12-31,1487290339.6100001,anexo-pilar3-circular-3930-q4-2021.xlsx
29,Capital Principal,2021-12-31,2605153846.72,anexo-pilar3-circular-3930-q4-2021.xlsx
30,Instrumentos elegíveis ao Capital Complementar,2021-12-31,0.0,anexo-pilar3-circular-3930-q4-2021.xlsx
31,"   dos quais: classificados como capital social
conforme as regras contábeis",2021-12-31,0.0,anexo-pilar3-circular-3930-q4-2021.xlsx
32,"   dos quais: classificados como passivo
conforme as regras contábeis",2021-12-31,0.0,anexo-pilar3-circular-3930-q4-2021.xlsx
33,"Instrumentos autorizados a compor o Capital Complementar antes da entrada em vigor da Resolução nº 4.192, de 2013",2021-12-31,0.0,anexo-pilar3-circular-3930-q4-2021.xlsx
34,Participação de não controladores nos instrumentos emitidos por subsidiárias da instituição ou conglomerado e elegíveis ao seu Capital Complementar ,2021-12-31,0.0,anexo-pilar3-circular-3930-q4-2021.xlsx
35,"   da qual: instrumentos emitidos por subsidiárias antes da entrada em vigor da Resolução nº 4.192, de 2013",2021-12-31,0.0,anexo-pilar3-circular-3930-q4-2021.xlsx
36,Capital Complementar antes das deduções regulatórias,2021-12-31,0.0,anexo-pilar3-circular-3930-q4-2021.xlsx
37,"Ações ou outros instrumentos de emissão própria autorizados a compor o Capital Complementar da instituição ou conglomerado, adquiridos diretamente, indiretamente ou de forma sintética",2021-12-31,0.0,anexo-pilar3-circular-3930-q4-2021.xlsx
38,Valor total das deduções relativas às aquisições recíprocas de Capital Complementar,2021-12-31,0.0,anexo-pilar3-circular-3930-q4-2021.xlsx
39,Valor total das deduções relativas aos investimentos líquidos não significativos em Capital Complementar de instituições autorizadas a funcionar pelo Banco Central do Brasil e de instituições financeiras no exterior não consolidadas,2021-12-31,0.0,anexo-pilar3-circular-3930-q4-2021.xlsx
40,Valor total das deduções relativas aos investimentos líquidos significativos em Capital Complementar de instituições autorizadas a funcionar pelo Banco Central do Brasil e de instituições financeiras no exterior não consolidadas,2021-12-31,0.0,anexo-pilar3-circular-3930-q4-2021.xlsx
41,Ajustes regulatórios nacionais,2021-12-31,0.0,anexo-pilar3-circular-3930-q4-2021.xlsx
42,Dedução aplicada ao Capital Complementar decorrente de insuficiência de Nível II para cobrir a dedução nesse componente,2021-12-31,0.0,anexo-pilar3-circular-3930-q4-2021.xlsx
43,Total de deduções regulatórias ao Capital Complementar,2021-12-31,0.0,anexo-pilar3-circular-3930-q4-2021.xlsx
44,Capital Complementar,2021-12-31,0.0,anexo-pilar3-circular-3930-q4-2021.xlsx
45,Nível I,2021-12-31,2605153846.72,anexo-pilar3-circular-3930-q4-2021.xlsx
46,Instrumentos elegíveis ao Nível II,2021-12-31,101886664.8,anexo-pilar3-circular-3930-q4-2021.xlsx
47,"Instrumentos autorizados a compor o Nível II antes da entrada em vigor da Resolução nº 4.192, de 2013",2021-12-31,0.0,anexo-pilar3-circular-3930-q4-2021.xlsx
48,Participação de não controladores nos instrumentos emitidos por subsidiárias do conglomerado e elegíveis ao seu Nível II,2021-12-31,0.0,anexo-pilar3-circular-3930-q4-2021.xlsx
49,"da qual: instrumentos emitidos por subsidiárias antes da entrada em vigor da Resolução nº 4.192, de 2013",2021-12-31,0.0,anexo-pilar3-circular-3930-q4-2021.xlsx
51,Nível II antes das deduções regulatórias,2021-12-31,101886664.8,anexo-pilar3-circular-3930-q4-2021.xlsx
52,"Ações ou outros instrumentos de emissão própria, autorizados a compor o Nível II da instituição ou conglomerado, adquiridos diretamente, indiretamente ou de forma sintética",2021-12-31,0.0,anexo-pilar3-circular-3930-q4-2021.xlsx
53,Valor total das deduções relativas às aquisições recíprocas de Nível II,2021-12-31,0.0,anexo-pilar3-circular-3930-q4-2021.xlsx
54,Valor total das deduções relativas aos investimentos líquidos não significativos em instrumentos de Nível II e em instrumentos reconhecidos como TLAC emitidos por instituições autorizadas a funcionar pelo Banco Central do Brasil ou por instituições financeiras no exterior não consolidadas,2021-12-31,0.0,anexo-pilar3-circular-3930-q4-2021.xlsx
55,Valor total das deduções relativas aos investimentos líquidos significativos em instrumentos de Nível II e em instrumentos reconhecidos como TLAC emitidos por instituições autorizadas a funcionar pelo Banco Central do  Brasil ou por instituições financeiras no exterior não consolidadas,2021-12-31,0.0,anexo-pilar3-circular-3930-q4-2021.xlsx
56,Ajustes regulatórios nacionais,2021-12-31,0.0,anexo-pilar3-circular-3930-q4-2021.xlsx
57,Total de deduções regulatórias ao Nível II,2021-12-31,0.0,anexo-pilar3-circular-3930-q4-2021.xlsx
58,Nível II,2021-12-31,101886664.8,anexo-pilar3-circular-3930-q4-2021.xlsx
59,Patrimônio de Referência,2021-12-31,2707040511.52,anexo-pilar3-circular-3930-q4-2021.xlsx
60,Total de ativos ponderados pelo risco (RWA),2021-12-31,11957297305.71,anexo-pilar3-circular-3930-q4-2021.xlsx
61,Índice de Capital Principal (ICP),2021-12-31,0.21787146209670258,anexo-pilar3-circular-3930-q4-2021.xlsx
62,Índice de Nível I (IN1),2021-12-31,0.21787146209670258,anexo-pilar3-circular-3930-q4-2021.xlsx
63,Índice de Basileia (IB),2021-12-31,0.22639233953205296,anexo-pilar3-circular-3930-q4-2021.xlsx
64,Percentual do adicional de Capital Principal (em relação ao RWA),2021-12-31,0.02,anexo-pilar3-circular-3930-q4-2021.xlsx
65,   do qual: adicional para conservação de capital - ACPConservação,2021-12-31,0.02,anexo-pilar3-circular-3930-q4-2021.xlsx
66,   do qual: adicional contracíclico - ACPContracíclico,2021-12-31,0.0,anexo-pilar3-circular-3930-q4-2021.xlsx
67,   do qual: Adicional de Importância Sistêmica de Capital Principal - ACPSistêmico,2021-12-31,0.0,anexo-pilar3-circular-3930-q4-2021.xlsx
68,"Capital Principal excedente ao montante utilizado para cumprimento dos requerimentos de capital, como proporção do RWA (%)",2021-12-31,0.1529,anexo-pilar3-circular-3930-q4-2021.xlsx
72,"Valor total, sujeito à ponderação de risco, das participações não significativas em Capital Principal de instituições autorizadas a funcionar pelo Banco Central do Brasil e de instituições financeiras no exterior não consolidas e em capital social de empresas assemelhadas a instituições financeiras não consolidadas, sociedades seguradoras, ] resseguradoras, de capitalização e entidades abertas de previdência complementar, bem como dos investimentos não significativos em Capital Complementar, em instrumentos de Nível II e em instrumentos reconhecidos como TLAC emitidos por instituições financeiras autorizadas a funcionar pelo Banco Central do Brasil ou por instituições financeiras no exterior não consolidadas",2021-12-31,0.0,anexo-pilar3-circular-3930-q4-2021.xlsx
73,"Valor total, sujeito à ponderação de risco, das participações significativas em Capital Principal de instituições autorizadas a funcionar pelo Banco Central do Brasil e de instituições financeiras no exterior não consolidas e em capital social de empresas assemelhadas a instituições financeiras não consolidadas, sociedades seguradoras, resseguradoras, de capitalização e entidades abertas de previdência complementar",2021-12-31,0.0,anexo-pilar3-circular-3930-q4-2021.xlsx
75,"Valor total, sujeito à ponderação de risco, de créditos tributários decorrentes de diferenças temporárias que dependam de geração de lucros ou receitas tributáveis futuras para sua realização, não deduzidos do Capital Principal",2021-12-31,0.0,anexo-pilar3-circular-3930-q4-2021.xlsx
82,"Limite atual para os instrumentos autorizados a compor o Capital Complementar antes da entrada em vigor da Resolução nº 4.192, de 2013",2021-12-31,0.0,anexo-pilar3-circular-3930-q4-2021.xlsx
83,Valor excluído do Capital Complementar devido ao limite da linha 82,2021-12-31,0.0,anexo-pilar3-circular-3930-q4-2021.xlsx
84,"Limite atual para os instrumentos autorizados a compor o Nível II antes da entrada em vigor da Resolução nº 4.192, de 2013",2021-12-31,0.0,anexo-pilar3-circular-3930-q4-2021.xlsx
85,Valor excluído do Nível II devido ao limite da linha 84,2021-12-31,0.0,anexo-pilar3-circular-3930-q4-2021.xlsx
26.a,   Ativos permanentes diferidos,2021-12-31,0.0,anexo-pilar3-circular-3930-q4-2021.xlsx
26.b,"   Investimentos em dependências, instituições financeiras controladas no exterior ou entidades não financeiras que componham o conglomerado, em relação às quais o Banco Central do Brasil não tenha acesso a informações, dados e documentos",2021-12-31,0.0,anexo-pilar3-circular-3930-q4-2021.xlsx
26.d,   Aumento de capital social não autorizado,2021-12-31,0.0,anexo-pilar3-circular-3930-q4-2021.xlsx
26.e,   Excedente do valor ajustado de Capital Principal,2021-12-31,0.0,anexo-pilar3-circular-3930-q4-2021.xlsx
26.f,   Depósito para suprir deficiência de capital,2021-12-31,0.0,anexo-pilar3-circular-3930-q4-2021.xlsx
26.g,"   Montante dos ativos intangíveis constituídos antes da entrada em vigor da Resolução nº 4.192, de 2013",2021-12-31,0.0,anexo-pilar3-circular-3930-q4-2021.xlsx
26.h,   Excesso dos recursos aplicados no Ativo Permanente,2021-12-31,0.0,anexo-pilar3-circular-3930-q4-2021.xlsx
26.i,"   Destaque do PR, conforme Resolução nº 4.589, de 29 de junho de 2017",2021-12-31,0.0,anexo-pilar3-circular-3930-q4-2021.xlsx
26.j,   Outras diferenças residuais relativas à metodologia de apuração do Capital Principal para fins regulatórios,2021-12-31,0.0,anexo-pilar3-circular-3930-q4-2021.xlsx
41.b,Participação de não controladores no Capital Complementar,2021-12-31,0.0,anexo-pilar3-circular-3930-q4-2021.xlsx
41.c,Outras diferenças residuais relativas à metodologia de apuração do Capital Complementar para fins regulatórios,2021-12-31,0.0,anexo-pilar3-circular-3930-q4-2021.xlsx
56.b,Participação de não controladores no Nível II,2021-12-31,0.0,anexo-pilar3-circular-3930-q4-2021.xlsx
56.c,Outras diferenças residuais relativas à metodologia de apuração do Nível II para fins de regulatórios,2021-12-31,0.0,anexo-pilar3-circular-3930-q4-2021.xlsx
1,Capital Principal,2022-03-22,2886185829.38,anexo-pilar3-circular-3930-q2-2022.xlsx
1,Capital Principal,2022-03-22,2886185829.38,anexo-pilar3-circular-3930-q3-2022.xlsx
10,Adicional de Importância Sistêmica de Capital Principal - ACPSistêmico (%),2022-03-22,0.0,anexo-pilar3-circular-3930-q2-2022.xlsx
11,ACP total (%),2022-03-22,0.0,anexo-pilar3-circular-3930-q2-2022.xlsx
11,ACP total (%),2022-03-22,0.02,anexo-pilar3-circular-3930-q3-2022.xlsx
12,Margem excedente de Capital Principal (%),2022-03-22,0.11,anexo-pilar3-circular-3930-q2-2022.xlsx
12,Margem excedente de Capital Principal (%),2022-03-22,0.11,anexo-pilar3-circular-3930-q3-2022.xlsx
2,Nível I,2022-03-22,2886185829.38,anexo-pilar3-circular-3930-q2-2022.xlsx
2,Nível I,2022-03-22,2886185829.38,anexo-pilar3-circular-3930-q3-2022.xlsx
3,Patrimônio de Referência (PR),2022-03-22,2991136941.6,anexo-pilar3-circular-3930-q2-2022.xlsx
3,Patrimônio de Referência (PR),2022-03-22,2991136941.6,anexo-pilar3-circular-3930-q3-2022.xlsx
3b,Excesso dos recursos aplicados no ativo permanente,2022-03-22,0.0,anexo-pilar3-circular-3930-q3-2022.xlsx
3c,Destaque do PR,2022-03-22,0.0,anexo-pilar3-circular-3930-q3-2022.xlsx
4,RWA total,2022-03-22,16493485113.12,anexo-pilar3-circular-3930-q2-2022.xlsx
4,RWA total,2022-03-22,16493485113.12,anexo-pilar3-circular-3930-q3-2022.xlsx
5,Índice de Capital Principal (ICP),2022-03-22,0.175,anexo-pilar3-circular-3930-q2-2022.xlsx
5,Índice de Capital Principal (ICP),2022-03-22,0.175,anexo-pilar3-circular-3930-q3-2022.xlsx
6,Índice de Nível 1 (%),2022-03-22,0.175,anexo-pilar3-circular-3930-q2-2022.xlsx
6,Índice de Nível 1 (%),2022-03-22,0.175,anexo-pilar3-circular-3930-q3-2022.xlsx
7,Índice de Basileia,2022-03-22,0.1814,anexo-pilar3-circular-3930-q2-2022.xlsx
7,Índice de Basileia,2022-03-22,0.1814,anexo-pilar3-circular-3930-q3-2022.xlsx
8,Adicional de Conservação de Capital Principal - ACPConservação (%),2022-03-22,0.02,anexo-pilar3-circular-3930-q2-2022.xlsx
8,Adicional de Conservação de Capital Principal - ACPConservação (%),2022-03-22,0.02,anexo-pilar3-circular-3930-q3-2022.xlsx
9,Adicional Contracíclico de Capital Principal - ACPContracíclico (%),2022-03-22,0.0,anexo-pilar3-circular-3930-q2-2022.xlsx
1,Capital Principal,2022-03-31,2886185829.38,anexo-pilar3-circular-3930-q1-2022.xlsx
1,Capital Principal,2022-03-31,2605153846.72,anexo-pilar3-circular-3930-q1-2022.xlsx
1,Capital Principal,2022-03-31,2405328078.38,anexo-pilar3-circular-3930-q1-2022.xlsx
1,Capital Principal,2022-03-31,1648693183.76,anexo-pilar3-circular-3930-q1-2022.xlsx
1,Capital Principal,2022-03-31,903512880.7,anexo-pilar3-circular-3930-q1-2022.xlsx
2,Nível I,2022-03-31,2886185829.38,anexo-pilar3-circular-3930-q1-2022.xlsx
2,Nível I,2022-03-31,2605153846.72,anexo-pilar3-circular-3930-q1-2022.xlsx
2,Nível I,2022-03-31,2405328078.38,anexo-pilar3-circular-3930-q1-2022.xlsx
2,Nível I,2022-03-31,1648693183.76,anexo-pilar3-circular-3930-q1-2022.xlsx
2,Nível I,2022-03-31,903512880.7,anexo-pilar3-circular-3930-q1-2022.xlsx
3,Patrimônio de referência (PR),2022-03-31,2991136941.6,anexo-pilar3-circular-3930-q1-2022.xlsx
3,Patrimônio de referência (PR),2022-03-31,2707040511.52,anexo-pilar3-circular-3930-q1-2022.xlsx
3,Patrimônio de referência (PR),2022-03-31,2504192509.43,anexo-pilar3-circular-3930-q1-2022.xlsx
3,Patrimônio de referência (PR),2022-03-31,1744533369.04,anexo-pilar3-circular-3930-q1-2022.xlsx
3,Patrimônio de referência (PR),2022-03-31,996554646.85,anexo-pilar3-circular-3930-q1-2022.xlsx
4,RWA total,2022-03-31,16493485113.12,anexo-pilar3-circular-3930-q1-2022.xlsx
4,RWA total,2022-03-31,11957297305.71,anexo-pilar3-circular-3930-q1-2022.xlsx
4,RWA total,2022-03-31,7650896126.56,anexo-pilar3-circular-3930-q1-2022.xlsx
4,RWA total,2022-03-31,4649033367.4,anexo-pilar3-circular-3930-q1-2022.xlsx
4,RWA total,2022-03-31,3260780597.21,anexo-pilar3-circular-3930-q1-2022.xlsx
5,Índice de Capital Principal (ICP),2022-03-31,0.17498944641385333,anexo-pilar3-circular-3930-q1-2022.xlsx
5,Índice de Capital Principal (ICP),2022-03-31,0.21787146209670258,anexo-pilar3-circular-3930-q1-2022.xlsx
5,Índice de Capital Principal (ICP),2022-03-31,0.31438514372583504,anexo-pilar3-circular-3930-q1-2022.xlsx
5,Índice de Capital Principal (ICP),2022-03-31,0.3546313939841739,anexo-pilar3-circular-3930-q1-2022.xlsx
5,Índice de Capital Principal (ICP),2022-03-31,0.27708484326515764,anexo-pilar3-circular-3930-q1-2022.xlsx
6,Índice de Nível 1 (%),2022-03-31,0.17498944641385333,anexo-pilar3-circular-3930-q1-2022.xlsx
6,Índice de Nível 1 (%),2022-03-31,0.21787146209670258,anexo-pilar3-circular-3930-q1-2022.xlsx
6,Índice de Nível 1 (%),2022-03-31,0.31438514372583504,anexo-pilar3-circular-3930-q1-2022.xlsx
6,Índice de Nível 1 (%),2022-03-31,0.3546313939841739,anexo-pilar3-circular-3930-q1-2022.xlsx
6,Índice de Nível 1 (%),2022-03-31,0.27708484326515764,anexo-pilar3-circular-3930-q1-2022.xlsx
7,Índice de Basileia,2022-03-31,0.1813526323324264,anexo-pilar3-circular-3930-q1-2022.xlsx
7,Índice de Basileia,2022-03-31,0.22639233953205296,anexo-pilar3-circular-3930-q1-2022.xlsx
7,Índice de Basileia,2022-03-31,0.3273070850794489,anexo-pilar3-circular-3930-q1-2022.xlsx
7,Índice de Basileia,2022-03-31,0.37524647193823885,anexo-pilar3-circular-3930-q1-2022.xlsx
7,Índice de Basileia,2022-03-31,0.305618430047908,anexo-pilar3-circular-3930-q1-2022.xlsx
8,Adicional de Conservação de Capital Principal - ACPConservação (%),2022-03-31,0.02,anexo-pilar3-circular-3930-q1-2022.xlsx
8,Adicional de Conservação de Capital Principal - ACPConservação (%),2022-03-31,0.02,anexo-pilar3-circular-3930-q1-2022.xlsx
8,Adicional de Conservação de Capital Principal - ACPConservação (%),2022-03-31,0.01625,anexo-pilar3-circular-3930-q1-2022.xlsx
8,Adicional de Conservação de Capital Principal - ACPConservação (%),2022-03-31,0.01625,anexo-pilar3-circular-3930-q1-2022.xlsx
8,Adicional de Conservação de Capital Principal - ACPConservação (%),2022-03-31,0.0125,anexo-pilar3-circular-3930-q1-2022.xlsx
9,Adicional Contracíclico de Capital Principal - ACPContracíclico (%),2022-03-31,0.0,anexo-pilar3-circular-3930-q1-2022.xlsx
9,Adicional Contracíclico de Capital Principal - ACPContracíclico (%),2022-03-31,0.0,anexo-pilar3-circular-3930-q1-2022.xlsx
9,Adicional Contracíclico de Capital Principal - ACPContracíclico (%),2022-03-31,0.0,anexo-pilar3-circular-3930-q1-2022.xlsx
9,Adicional Contracíclico de Capital Principal - ACPContracíclico (%),2022-03-31,0.0,anexo-pilar3-circular-3930-q1-2022.xlsx
9,Adicional Contracíclico de Capital Principal - ACPContracíclico (%),2022-03-31,0.0,anexo-pilar3-circular-3930-q1-2022.xlsx
10,Adicional de Importância Sistêmica de Capital Principal - ACPSistêmico (%),2022-03-31,0.0,anexo-pilar3-circular-3930-q1-2022.xlsx
10,Adicional de Importância Sistêmica de Capital Principal - ACPSistêmico (%),2022-03-31,0.0,anexo-pilar3-circular-3930-q1-2022.xlsx
10,Adicional de Importância Sistêmica de Capital Principal - ACPSistêmico (%),2022-03-31,0.0,anexo-pilar3-circular-3930-q1-2022.xlsx
10,Adicional de Importância Sistêmica de Capital Principal - ACPSistêmico (%),2022-03-31,0.0,anexo-pilar3-circular-3930-q1-2022.xlsx
10,Adicional de Importância Sistêmica de Capital Principal - ACPSistêmico (%),2022-03-31,0.0,anexo-pilar3-circular-3930-q1-2022.xlsx
11,ACP total (%),2022-03-31,0.02,anexo-pilar3-circular-3930-q1-2022.xlsx
11,ACP total (%),2022-03-31,0.02,anexo-pilar3-circular-3930-q1-2022.xlsx
11,ACP total (%),2022-03-31,0.01625,anexo-pilar3-circular-3930-q1-2022.xlsx
11,ACP total (%),2022-03-31,0.01625,anexo-pilar3-circular-3930-q1-2022.xlsx
11,ACP total (%),2022-03-31,0.0125,anexo-pilar3-circular-3930-q1-2022.xlsx
12,Margem excedente de Capital Principal (%),2022-03-31,0.11,anexo-pilar3-circular-3930-q1-2022.xlsx
12,Margem excedente de Capital Principal (%),2022-03-31,0.1529,anexo-pilar3-circular-3930-q1-2022.xlsx
12,Margem excedente de Capital Principal (%),2022-03-31,0.2531,anexo-pilar3-circular-3930-q1-2022.xlsx
12,Margem excedente de Capital Principal (%),2022-03-31,0.2934,anexo-pilar3-circular-3930-q1-2022.xlsx
12,Margem excedente de Capital Principal (%),2022-03-31,0.2196,anexo-pilar3-circular-3930-q1-2022.xlsx
1,Capital Principal,2022-03-31,2886185829.38,anexo-pilar3-circular-3930-q1-2023.xlsx
11,ACP total (%),2022-03-31,0.02,anexo-pilar3-circular-3930-q1-2023.xlsx
12,Margem excedente de Capital Principal (%),2022-03-31,0.11,anexo-pilar3-circular-3930-q1-2023.xlsx
2,Nível I,2022-03-31,2886185829.38,anexo-pilar3-circular-3930-q1-2023.xlsx
3,Patrimônio de Referência (PR),2022-03-31,2991136941.6,anexo-pilar3-circular-3930-q1-2023.xlsx
3b,Excesso dos recursos aplicados no ativo permanente,2022-03-31,0.0,anexo-pilar3-circular-3930-q1-2022.xlsx
3b,Excesso dos recursos aplicados no ativo permanente,2022-03-31,0.0,anexo-pilar3-circular-3930-q1-2022.xlsx
3b,Excesso dos recursos aplicados no ativo permanente,2022-03-31,0.0,anexo-pilar3-circular-3930-q1-2022.xlsx
3b,Excesso dos recursos aplicados no ativo permanente,2022-03-31,0.0,anexo-pilar3-circular-3930-q1-2022.xlsx
3b,Excesso dos recursos aplicados no ativo permanente,2022-03-31,0.0,anexo-pilar3-circular-3930-q1-2022.xlsx
3c,Destaque do PR,2022-03-31,0.0,anexo-pilar3-circular-3930-q1-2022.xlsx
3c,Destaque do PR,2022-03-31,0.0,anexo-pilar3-circular-3930-q1-2022.xlsx
3c,Destaque do PR,2022-03-31,0.0,anexo-pilar3-circular-3930-q1-2022.xlsx
3c,Destaque do PR,2022-03-31,0.0,anexo-pilar3-circular-3930-q1-2022.xlsx
3c,Destaque do PR,2022-03-31,0.0,anexo-pilar3-circular-3930-q1-2022.xlsx
4,RWA total,2022-03-31,16493485113.12,anexo-pilar3-circular-3930-q1-2023.xlsx
5,Índice de Capital Principal (ICP),2022-03-31,0.175,anexo-pilar3-circular-3930-q1-2023.xlsx
6,Índice de Nível 1 (%),2022-03-31,0.175,anexo-pilar3-circular-3930-q1-2023.xlsx
7,Índice de Basileia,2022-03-31,0.1814,anexo-pilar3-circular-3930-q1-2023.xlsx
8,Adicional de Conservação de Capital Principal - ACPConservação (%),2022-03-31,0.02,anexo-pilar3-circular-3930-q1-2023.xlsx
1,Capital Principal,2022-06-22,3109426251.3,anexo-pilar3-circular-3930-q2-2022.xlsx
1,Capital Principal,2022-06-22,3109426251.3,anexo-pilar3-circular-3930-q3-2022.xlsx
10,Adicional de Importância Sistêmica de Capital Principal - ACPSistêmico (%),2022-06-22,0.0,anexo-pilar3-circular-3930-q2-2022.xlsx
11,ACP total (%),2022-06-22,0.0,anexo-pilar3-circular-3930-q2-2022.xlsx
11,ACP total (%),2022-06-22,0.025,anexo-pilar3-circular-3930-q3-2022.xlsx
12,Margem excedente de Capital Principal (%),2022-06-22,0.0973,anexo-pilar3-circular-3930-q2-2022.xlsx
12,Margem excedente de Capital Principal (%),2022-06-22,0.0973,anexo-pilar3-circular-3930-q3-2022.xlsx
2,Nível I,2022-06-22,3109426251.3,anexo-pilar3-circular-3930-q2-2022.xlsx
2,Nível I,2022-06-22,3109426251.3,anexo-pilar3-circular-3930-q3-2022.xlsx
3,Patrimônio de Referência (PR),2022-06-22,4021785810.57,anexo-pilar3-circular-3930-q2-2022.xlsx
3,Patrimônio de Referência (PR),2022-06-22,4021785810.57,anexo-pilar3-circular-3930-q3-2022.xlsx
3b,Excesso dos recursos aplicados no ativo permanente,2022-06-22,0.0,anexo-pilar3-circular-3930-q3-2022.xlsx
3c,Destaque do PR,2022-06-22,0.0,anexo-pilar3-circular-3930-q3-2022.xlsx
4,RWA total,2022-06-22,18590678041.22,anexo-pilar3-circular-3930-q2-2022.xlsx
4,RWA total,2022-06-22,18590678041.22,anexo-pilar3-circular-3930-q3-2022.xlsx
5,Índice de Capital Principal (ICP),2022-06-22,0.1673,anexo-pilar3-circular-3930-q2-2022.xlsx
5,Índice de Capital Principal (ICP),2022-06-22,0.1673,anexo-pilar3-circular-3930-q3-2022.xlsx
6,Índice de Nível 1 (%),2022-06-22,0.1673,anexo-pilar3-circular-3930-q2-2022.xlsx
6,Índice de Nível 1 (%),2022-06-22,0.1673,anexo-pilar3-circular-3930-q3-2022.xlsx
7,Índice de Basileia,2022-06-22,0.2163,anexo-pilar3-circular-3930-q2-2022.xlsx
7,Índice de Basileia,2022-06-22,0.2163,anexo-pilar3-circular-3930-q3-2022.xlsx
8,Adicional de Conservação de Capital Principal - ACPConservação (%),2022-06-22,0.025,anexo-pilar3-circular-3930-q2-2022.xlsx
8,Adicional de Conservação de Capital Principal - ACPConservação (%),2022-06-22,0.025,anexo-pilar3-circular-3930-q3-2022.xlsx
9,Adicional Contracíclico de Capital Principal - ACPContracíclico (%),2022-06-22,0.0,anexo-pilar3-circular-3930-q2-2022.xlsx
1,Capital Principal,2022-06-28,3109426251.0,anexo-pilar3-circular-3930-q2-2023.xlsx
10,Adicional de Importância Sistêmica de Capital Principal - ACPSistêmico (%),2022-06-28,0.0,anexo-pilar3-circular-3930-q2-2023.xlsx
11,ACP total (%),2022-06-28,0.025,anexo-pilar3-circular-3930-q2-2023.xlsx
12,Margem excedente de Capital Principal (%),2022-06-28,0.0973,anexo-pilar3-circular-3930-q2-2023.xlsx
2,Nível I,2022-06-28,3109426251.0,anexo-pilar3-circular-3930-q2-2023.xlsx
3,Patrimônio de Referência (PR),2022-06-28,4021785811.0,anexo-pilar3-circular-3930-q2-2023.xlsx
4,RWA total,2022-06-28,18590678041.0,anexo-pilar3-circular-3930-q2-2023.xlsx
5,Índice de Capital Principal (ICP),2022-06-28,0.1673,anexo-pilar3-circular-3930-q2-2023.xlsx
6,Índice de Nível 1 (%),2022-06-28,0.1673,anexo-pilar3-circular-3930-q2-2023.xlsx
7,Índice de Basileia,2022-06-28,0.2163,anexo-pilar3-circular-3930-q2-2023.xlsx
8,Adicional de Conservação de Capital Principal - ACPConservação (%),2022-06-28,0.025,anexo-pilar3-circular-3930-q2-2023.xlsx
9,Adicional Contracíclico de Capital Principal - ACPContracíclico (%),2022-06-28,0.0,anexo-pilar3-circular-3930-q2-2023.xlsx
1,Capital Principal,2022-06-30,3109426251.3,anexo-pilar3-circular-3930-q1-2023.xlsx
11,ACP total (%),2022-06-30,0.025,anexo-pilar3-circular-3930-q1-2023.xlsx
12,Margem excedente de Capital Principal (%),2022-06-30,0.0973,anexo-pilar3-circular-3930-q1-2023.xlsx
2,Nível I,2022-06-30,3109426251.3,anexo-pilar3-circular-3930-q1-2023.xlsx
3,Patrimônio de Referência (PR),2022-06-30,4021785810.57,anexo-pilar3-circular-3930-q1-2023.xlsx
4,RWA total,2022-06-30,18590678041.22,anexo-pilar3-circular-3930-q1-2023.xlsx
5,Índice de Capital Principal (ICP),2022-06-30,0.1673,anexo-pilar3-circular-3930-q1-2023.xlsx
6,Índice de Nível 1 (%),2022-06-30,0.1673,anexo-pilar3-circular-3930-q1-2023.xlsx
7,Índice de Basileia,2022-06-30,0.2163,anexo-pilar3-circular-3930-q1-2023.xlsx
8,Adicional de Conservação de Capital Principal - ACPConservação (%),2022-06-30,0.025,anexo-pilar3-circular-3930-q1-2023.xlsx
1,Capital Principal,2022-09-26,3346871487.0,anexo-pilar3-circular-3930-q2-2023.xlsx
10,Adicional de Importância Sistêmica de Capital Principal - ACPSistêmico (%),2022-09-26,0.0,anexo-pilar3-circular-3930-q2-2023.xlsx
11,ACP total (%),2022-09-26,0.025,anexo-pilar3-circular-3930-q2-2023.xlsx
12,Margem excedente de Capital Principal (%),2022-09-26,0.0682,anexo-pilar3-circular-3930-q2-2023.xlsx
2,Nível I,2022-09-26,3346871487.0,anexo-pilar3-circular-3930-q2-2023.xlsx
3,Patrimônio de Referência (PR),2022-09-26,4294028461.0,anexo-pilar3-circular-3930-q2-2023.xlsx
4,RWA total,2022-09-26,24220149916.0,anexo-pilar3-circular-3930-q2-2023.xlsx
5,Índice de Capital Principal (ICP),2022-09-26,0.1382,anexo-pilar3-circular-3930-q2-2023.xlsx
6,Índice de Nível 1 (%),2022-09-26,0.1382,anexo-pilar3-circular-3930-q2-2023.xlsx
7,Índice de Basileia,2022-09-26,0.1773,anexo-pilar3-circular-3930-q2-2023.xlsx
8,Adicional de Conservação de Capital Principal - ACPConservação (%),2022-09-26,0.025,anexo-pilar3-circular-3930-q2-2023.xlsx
9,Adicional Contracíclico de Capital Principal - ACPContracíclico (%),2022-09-26,0.0,anexo-pilar3-circular-3930-q2-2023.xlsx
1,Capital Principal,2022-09-30,3346871487.45,anexo-pilar3-circular-3930-q1-2023.xlsx
11,ACP total (%),2022-09-30,0.025,anexo-pilar3-circular-3930-q1-2023.xlsx
12,Margem excedente de Capital Principal (%),2022-09-30,0.0682,anexo-pilar3-circular-3930-q1-2023.xlsx
2,Nível I,2022-09-30,3346871487.45,anexo-pilar3-circular-3930-q1-2023.xlsx
3,Patrimônio de Referência (PR),2022-09-30,4294028460.72,anexo-pilar3-circular-3930-q1-2023.xlsx
4,RWA total,2022-09-30,24220149916.22,anexo-pilar3-circular-3930-q1-2023.xlsx
5,Índice de Capital Principal (ICP),2022-09-30,0.1382,anexo-pilar3-circular-3930-q1-2023.xlsx
6,Índice de Nível 1 (%),2022-09-30,0.1382,anexo-pilar3-circular-3930-q1-2023.xlsx
7,Índice de Basileia,2022-09-30,0.1773,anexo-pilar3-circular-3930-q1-2023.xlsx
8,Adicional de Conservação de Capital Principal - ACPConservação (%),2022-09-30,0.025,anexo-pilar3-circular-3930-q1-2023.xlsx
1,Capital Principal,2022-12-25,4064004869.0,anexo-pilar3-circular-3930-q2-2023.xlsx
10,Adicional de Importância Sistêmica de Capital Principal - ACPSistêmico (%),2022-12-25,0.0,anexo-pilar3-circular-3930-q2-2023.xlsx
11,ACP total (%),2022-12-25,0.025,anexo-pilar3-circular-3930-q2-2023.xlsx
12,Margem excedente de Capital Principal (%),2022-12-25,0.0807,anexo-pilar3-circular-3930-q2-2023.xlsx
2,Nível I,2022-12-25,4782890907.0,anexo-pilar3-circular-3930-q2-2023.xlsx
3,Patrimônio de Referência (PR),2022-12-25,5764480196.0,anexo-pilar3-circular-3930-q2-2023.xlsx
4,RWA total,2022-12-25,26963627263.0,anexo-pilar3-circular-3930-q2-2023.xlsx
5,Índice de Capital Principal (ICP),2022-12-25,0.1507,anexo-pilar3-circular-3930-q2-2023.xlsx
6,Índice de Nível 1 (%),2022-12-25,0.1774,anexo-pilar3-circular-3930-q2-2023.xlsx
7,Índice de Basileia,2022-12-25,0.2138,anexo-pilar3-circular-3930-q2-2023.xlsx
8,Adicional de Conservação de Capital Principal - ACPConservação (%),2022-12-25,0.025,anexo-pilar3-circular-3930-q2-2023.xlsx
9,Adicional Contracíclico de Capital Principal - ACPContracíclico (%),2022-12-25,0.0,anexo-pilar3-circular-3930-q2-2023.xlsx
1,Capital Principal,2022-12-31,4064004868.86,anexo-pilar3-circular-3930-q1-2023.xlsx
11,ACP total (%),2022-12-31,0.025,anexo-pilar3-circular-3930-q1-2023.xlsx
12,Margem excedente de Capital Principal (%),2022-12-31,0.0807,anexo-pilar3-circular-3930-q1-2023.xlsx
2,Nível I,2022-12-31,4782890907.02,anexo-pilar3-circular-3930-q1-2023.xlsx
3,Patrimônio de Referência (PR),2022-12-31,5764480195.52,anexo-pilar3-circular-3930-q1-2023.xlsx
4,RWA total,2022-12-31,26963627263.08,anexo-pilar3-circular-3930-q1-2023.xlsx
5,Índice de Capital Principal (ICP),2022-12-31,0.1507,anexo-pilar3-circular-3930-q1-2023.xlsx
6,Índice de Nível 1 (%),2022-12-31,0.1774,anexo-pilar3-circular-3930-q1-2023.xlsx
7,Índice de Basileia,2022-12-31,0.2138,anexo-pilar3-circular-3930-q1-2023.xlsx
8,Adicional de Conservação de Capital Principal - ACPConservação (%),2022-12-31,0.025,anexo-pilar3-circular-3930-q1-2023.xlsx
1,Capital Principal,2023-03-25,4833777156.0,anexo-pilar3-circular-3930-q2-2023.xlsx
10,Adicional de Importância Sistêmica de Capital Principal - ACPSistêmico (%),2023-03-25,0.0,anexo-pilar3-circular-3930-q2-2023.xlsx
11,ACP total (%),2023-03-25,0.025,anexo-pilar3-circular-3930-q2-2023.xlsx
12,Margem excedente de Capital Principal (%),2023-03-25,0.0668,anexo-pilar3-circular-3930-q2-2023.xlsx
2,Nível I,2023-03-25,5581951932.0,anexo-pilar3-circular-3930-q2-2023.xlsx
3,Patrimônio de Referência (PR),2023-03-25,6599816423.0,anexo-pilar3-circular-3930-q2-2023.xlsx
4,RWA total,2023-03-25,35344385797.0,anexo-pilar3-circular-3930-q2-2023.xlsx
5,Índice de Capital Principal (ICP),2023-03-25,0.1368,anexo-pilar3-circular-3930-q2-2023.xlsx
6,Índice de Nível 1 (%),2023-03-25,0.1579,anexo-pilar3-circular-3930-q2-2023.xlsx
7,Índice de Basileia,2023-03-25,0.1867,anexo-pilar3-circular-3930-q2-2023.xlsx
8,Adicional de Conservação de Capital Principal - ACPConservação (%),2023-03-25,0.025,anexo-pilar3-circular-3930-q2-2023.xlsx
9,Adicional Contracíclico de Capital Principal - ACPContracíclico (%),2023-03-25,0.0,anexo-pilar3-circular-3930-q2-2023.xlsx
1,Capital Principal,2023-03-31,4833777155.56,anexo-pilar3-circular-3930-q1-2023.xlsx
11,ACP total (%),2023-03-31,0.025,anexo-pilar3-circular-3930-q1-2023.xlsx
12,Margem excedente de Capital Principal (%),2023-03-31,0.0668,anexo-pilar3-circular-3930-q1-2023.xlsx
2,Nível I,2023-03-31,5581951932.16,anexo-pilar3-circular-3930-q1-2023.xlsx
3,Patrimônio de Referência (PR),2023-03-31,6599816422.61,anexo-pilar3-circular-3930-q1-2023.xlsx
4,RWA total,2023-03-31,35344385797.39,anexo-pilar3-circular-3930-q1-2023.xlsx
5,Índice de Capital Principal (ICP),2023-03-31,0.1368,anexo-pilar3-circular-3930-q1-2023.xlsx
6,Índice de Nível 1 (%),2023-03-31,0.1579,anexo-pilar3-circular-3930-q1-2023.xlsx
7,Índice de Basileia,2023-03-31,0.1867,anexo-pilar3-circular-3930-q1-2023.xlsx
8,Adicional de Conservação de Capital Principal - ACPConservação (%),2023-03-31,0.025,anexo-pilar3-circular-3930-q1-2023.xlsx
1,Capital Principal,2023-06-23,5896972986.0,anexo-pilar3-circular-3930-q2-2023.xlsx
10,Adicional de Importância Sistêmica de Capital Principal - ACPSistêmico (%),2023-06-23,0.0,anexo-pilar3-circular-3930-q2-2023.xlsx
11,ACP total (%),2023-06-23,0.025,anexo-pilar3-circular-3930-q2-2023.xlsx
12,Margem excedente de Capital Principal (%),2023-06-23,0.0839,anexo-pilar3-circular-3930-q2-2023.xlsx
2,Nível I,2023-06-23,6674643271.0,anexo-pilar3-circular-3930-q2-2023.xlsx
3,Patrimônio de Referência (PR),2023-06-23,7728913335.0,anexo-pilar3-circular-3930-q2-2023.xlsx
4,RWA total,2023-06-23,38310589461.0,anexo-pilar3-circular-3930-q2-2023.xlsx
5,Índice de Capital Principal (ICP),2023-06-23,0.1539,anexo-pilar3-circular-3930-q2-2023.xlsx
6,Índice de Nível 1 (%),2023-06-23,0.1742,anexo-pilar3-circular-3930-q2-2023.xlsx
7,Índice de Basileia,2023-06-23,0.2017,anexo-pilar3-circular-3930-q2-2023.xlsx
8,Adicional de Conservação de Capital Principal - ACPConservação (%),2023-06-23,0.025,anexo-pilar3-circular-3930-q2-2023.xlsx
9,Adicional Contracíclico de Capital Principal - ACPContracíclico (%),2023-06-23,0.0,anexo-pilar3-circular-3930-q2-2023.xlsx
1,Capital Principal,2023-09-03,8885360617.0,anexo-pilar3-circular-3930-q1-2024.xlsx
10,Adicional de Importância Sistêmica de Capital Principal - ACPSistêmico (%),2023-09-03,0.0,anexo-pilar3-circular-3930-q1-2024.xlsx
11,ACP total (%),2023-09-03,0.0,anexo-pilar3-circular-3930-q1-2024.xlsx
12,Margem excedente de Capital Principal (%),2023-09-03,0.0462,anexo-pilar3-circular-3930-q1-2024.xlsx
2,Nível I,2023-09-03,9613879904.0,anexo-pilar3-circular-3930-q1-2024.xlsx
3,Patrimônio de Referência (PR),2023-09-03,10707752042.0,anexo-pilar3-circular-3930-q1-2024.xlsx
4,RWA total,2023-09-03,97458504359.0,anexo-pilar3-circular-3930-q1-2024.xlsx
5,Índice de Capital Principal (ICP),2023-09-03,0.0912,anexo-pilar3-circular-3930-q1-2024.xlsx
6,Índice de Nível 1 (%),2023-09-03,0.0986,anexo-pilar3-circular-3930-q1-2024.xlsx
7,Índice de Basileia,2023-09-03,0.1099,anexo-pilar3-circular-3930-q1-2024.xlsx
8,Adicional de Conservação de Capital Principal - ACPConservação (%),2023-09-03,0.0,anexo-pilar3-circular-3930-q1-2024.xlsx
9,Adicional Contracíclico de Capital Principal - ACPContracíclico (%),2023-09-03,0.0,anexo-pilar3-circular-3930-q1-2024.xlsx
1,Capital Principal,2023-09-07,8885360617.0,anexo-pilar3-circular-3930-q3-2024.xlsx
10,Adicional de Importância Sistêmica de Capital Principal - ACPSistêmico (%),2023-09-07,0.0,anexo-pilar3-circular-3930-q3-2024.xlsx
11,ACP total (%),2023-09-07,0.0,anexo-pilar3-circular-3930-q3-2024.xlsx
12,Margem excedente de Capital Principal (%),2023-09-07,0.0462,anexo-pilar3-circular-3930-q3-2024.xlsx
2,Nível I,2023-09-07,9613879904.0,anexo-pilar3-circular-3930-q3-2024.xlsx
3,Patrimônio de Referência (PR),2023-09-07,10707752042.0,anexo-pilar3-circular-3930-q3-2024.xlsx
4,RWA total,2023-09-07,97458504359.0,anexo-pilar3-circular-3930-q3-2024.xlsx
5,Índice de Capital Principal (ICP),2023-09-07,0.0912,anexo-pilar3-circular-3930-q3-2024.xlsx
6,Índice de Nível 1 (%),2023-09-07,0.0986,anexo-pilar3-circular-3930-q3-2024.xlsx
7,Índice de Basileia,2023-09-07,0.1099,anexo-pilar3-circular-3930-q3-2024.xlsx
8,Adicional de Conservação de Capital Principal - ACPConservação (%),2023-09-07,0.0,anexo-pilar3-circular-3930-q3-2024.xlsx
9,Adicional Contracíclico de Capital Principal - ACPContracíclico (%),2023-09-07,0.0,anexo-pilar3-circular-3930-q3-2024.xlsx
1,Capital Principal,2023-09-27,8885360617.0,anexo-pilar3-circular-3930-q4-2023.xlsx
10,Adicional de Importância Sistêmica de Capital Principal - ACPSistêmico (%),2023-09-27,0.0,anexo-pilar3-circular-3930-q4-2023.xlsx
11,ACP total (%),2023-09-27,0.0,anexo-pilar3-circular-3930-q4-2023.xlsx
12,Margem excedente de Capital Principal (%),2023-09-27,0.0462,anexo-pilar3-circular-3930-q4-2023.xlsx
2,Nível I,2023-09-27,9613879904.0,anexo-pilar3-circular-3930-q4-2023.xlsx
3,Patrimônio de Referência (PR),2023-09-27,10707752042.0,anexo-pilar3-circular-3930-q4-2023.xlsx
4,RWA total,2023-09-27,97458504359.0,anexo-pilar3-circular-3930-q4-2023.xlsx
5,Índice de Capital Principal (ICP),2023-09-27,0.0912,anexo-pilar3-circular-3930-q4-2023.xlsx
6,Índice de Nível 1 (%),2023-09-27,0.0986,anexo-pilar3-circular-3930-q4-2023.xlsx
7,Índice de Basileia,2023-09-27,0.1099,anexo-pilar3-circular-3930-q4-2023.xlsx
8,Adicional de Conservação de Capital Principal - ACPConservação (%),2023-09-27,0.0,anexo-pilar3-circular-3930-q4-2023.xlsx
9,Adicional Contracíclico de Capital Principal - ACPContracíclico (%),2023-09-27,0.0,anexo-pilar3-circular-3930-q4-2023.xlsx
1,Capital Principal,2023-09-28,8885360617.0,anexo-pilar3-circular-3930-q2-2024.xlsx
10,Adicional de Importância Sistêmica de Capital Principal - ACPSistêmico (%),2023-09-28,0.0,anexo-pilar3-circular-3930-q2-2024.xlsx
11,ACP total (%),2023-09-28,0.0,anexo-pilar3-circular-3930-q2-2024.xlsx
12,Margem excedente de Capital Principal (%),2023-09-28,0.0462,anexo-pilar3-circular-3930-q2-2024.xlsx
2,Nível I,2023-09-28,9613879904.0,anexo-pilar3-circular-3930-q2-2024.xlsx
3,Patrimônio de Referência (PR),2023-09-28,10707752042.0,anexo-pilar3-circular-3930-q2-2024.xlsx
4,RWA total,2023-09-28,97458504359.0,anexo-pilar3-circular-3930-q2-2024.xlsx
5,Índice de Capital Principal (ICP),2023-09-28,0.0912,anexo-pilar3-circular-3930-q2-2024.xlsx
6,Índice de Nível 1 (%),2023-09-28,0.0986,anexo-pilar3-circular-3930-q2-2024.xlsx
7,Índice de Basileia,2023-09-28,0.1099,anexo-pilar3-circular-3930-q2-2024.xlsx
8,Adicional de Conservação de Capital Principal - ACPConservação (%),2023-09-28,0.0,anexo-pilar3-circular-3930-q2-2024.xlsx
9,Adicional Contracíclico de Capital Principal - ACPContracíclico (%),2023-09-28,0.0,anexo-pilar3-circular-3930-q2-2024.xlsx
1,Capital Principal,2023-12-02,10672167752.0,anexo-pilar3-circular-3930-q1-2024.xlsx
10,Adicional de Importância Sistêmica de Capital Principal - ACPSistêmico (%),2023-12-02,0.0,anexo-pilar3-circular-3930-q1-2024.xlsx
11,ACP total (%),2023-12-02,0.0,anexo-pilar3-circular-3930-q1-2024.xlsx
12,Margem excedente de Capital Principal (%),2023-12-02,0.0691,anexo-pilar3-circular-3930-q1-2024.xlsx
2,Nível I,2023-12-02,11637887627.0,anexo-pilar3-circular-3930-q1-2024.xlsx
3,Patrimônio de Referência (PR),2023-12-02,12770894732.0,anexo-pilar3-circular-3930-q1-2024.xlsx
4,RWA total,2023-12-02,93557039207.0,anexo-pilar3-circular-3930-q1-2024.xlsx
5,Índice de Capital Principal (ICP),2023-12-02,0.1141,anexo-pilar3-circular-3930-q1-2024.xlsx
6,Índice de Nível 1 (%),2023-12-02,0.1244,anexo-pilar3-circular-3930-q1-2024.xlsx
7,Índice de Basileia,2023-12-02,0.1365,anexo-pilar3-circular-3930-q1-2024.xlsx
8,Adicional de Conservação de Capital Principal - ACPConservação (%),2023-12-02,0.0,anexo-pilar3-circular-3930-q1-2024.xlsx
9,Adicional Contracíclico de Capital Principal - ACPContracíclico (%),2023-12-02,0.0,anexo-pilar3-circular-3930-q1-2024.xlsx
1,Capital Principal,2023-12-06,10672167752.0,anexo-pilar3-circular-3930-q3-2024.xlsx
10,Adicional de Importância Sistêmica de Capital Principal - ACPSistêmico (%),2023-12-06,0.0,anexo-pilar3-circular-3930-q3-2024.xlsx
11,ACP total (%),2023-12-06,0.0,anexo-pilar3-circular-3930-q3-2024.xlsx
12,Margem excedente de Capital Principal (%),2023-12-06,0.0691,anexo-pilar3-circular-3930-q3-2024.xlsx
2,Nível I,2023-12-06,11637887627.0,anexo-pilar3-circular-3930-q3-2024.xlsx
3,Patrimônio de Referência (PR),2023-12-06,12770894732.0,anexo-pilar3-circular-3930-q3-2024.xlsx
4,RWA total,2023-12-06,93557039207.0,anexo-pilar3-circular-3930-q3-2024.xlsx
5,Índice de Capital Principal (ICP),2023-12-06,0.1141,anexo-pilar3-circular-3930-q3-2024.xlsx
6,Índice de Nível 1 (%),2023-12-06,0.1244,anexo-pilar3-circular-3930-q3-2024.xlsx
7,Índice de Basileia,2023-12-06,0.1365,anexo-pilar3-circular-3930-q3-2024.xlsx
8,Adicional de Conservação de Capital Principal - ACPConservação (%),2023-12-06,0.0,anexo-pilar3-circular-3930-q3-2024.xlsx
9,Adicional Contracíclico de Capital Principal - ACPContracíclico (%),2023-12-06,0.0,anexo-pilar3-circular-3930-q3-2024.xlsx
1,Capital Principal,2023-12-17,10672167752.0,anexo-pilar3-circular-3930-q4-2024.xlsx
10,Adicional de Importância Sistêmica de Capital Principal - ACPSistêmico (%),2023-12-17,0.0,anexo-pilar3-circular-3930-q4-2024.xlsx
11,ACP total (%),2023-12-17,0.0,anexo-pilar3-circular-3930-q4-2024.xlsx
12,Margem excedente de Capital Principal (%),2023-12-17,0.0691,anexo-pilar3-circular-3930-q4-2024.xlsx
2,Nível I,2023-12-17,11637887627.0,anexo-pilar3-circular-3930-q4-2024.xlsx
3,Patrimônio de Referência (PR),2023-12-17,12770894732.0,anexo-pilar3-circular-3930-q4-2024.xlsx
4,RWA total,2023-12-17,93557039207.0,anexo-pilar3-circular-3930-q4-2024.xlsx
5,Índice de Capital Principal (ICP),2023-12-17,0.1141,anexo-pilar3-circular-3930-q4-2024.xlsx
6,Índice de Nível 1 (%),2023-12-17,0.1244,anexo-pilar3-circular-3930-q4-2024.xlsx
7,Índice de Basileia,2023-12-17,0.1365,anexo-pilar3-circular-3930-q4-2024.xlsx
8,Adicional de Conservação de Capital Principal - ACPConservação (%),2023-12-17,0.0,anexo-pilar3-circular-3930-q4-2024.xlsx
9,Adicional Contracíclico de Capital Principal - ACPContracíclico (%),2023-12-17,0.0,anexo-pilar3-circular-3930-q4-2024.xlsx
1,Capital Principal,2023-12-30,10672167752.0,anexo-pilar3-circular-3930-q2-2024.xlsx
10,Adicional de Importância Sistêmica de Capital Principal - ACPSistêmico (%),2023-12-30,0.0,anexo-pilar3-circular-3930-q2-2024.xlsx
11,ACP total (%),2023-12-30,0.0,anexo-pilar3-circular-3930-q2-2024.xlsx
12,Margem excedente de Capital Principal (%),2023-12-30,0.0691,anexo-pilar3-circular-3930-q2-2024.xlsx
2,Nível I,2023-12-30,11637887627.0,anexo-pilar3-circular-3930-q2-2024.xlsx
3,Patrimônio de Referência (PR),2023-12-30,12770894732.0,anexo-pilar3-circular-3930-q2-2024.xlsx
4,RWA total,2023-12-30,93557039207.0,anexo-pilar3-circular-3930-q2-2024.xlsx
5,Índice de Capital Principal (ICP),2023-12-30,0.1141,anexo-pilar3-circular-3930-q2-2024.xlsx
6,Índice de Nível 1 (%),2023-12-30,0.1244,anexo-pilar3-circular-3930-q2-2024.xlsx
7,Índice de Basileia,2023-12-30,0.1365,anexo-pilar3-circular-3930-q2-2024.xlsx
8,Adicional de Conservação de Capital Principal - ACPConservação (%),2023-12-30,0.0,anexo-pilar3-circular-3930-q2-2024.xlsx
9,Adicional Contracíclico de Capital Principal - ACPContracíclico (%),2023-12-30,0.0,anexo-pilar3-circular-3930-q2-2024.xlsx
1,Capital Principal,2023-12-31,10672167752.0,anexo-pilar3-circular-3930-q4-2023.xlsx
10,Adicional de Importância Sistêmica de Capital Principal - ACPSistêmico (%),2023-12-31,0.0,anexo-pilar3-circular-3930-q4-2023.xlsx
11,ACP total (%),2023-12-31,0.0,anexo-pilar3-circular-3930-q4-2023.xlsx
12,Margem excedente de Capital Principal (%),2023-12-31,0.0691,anexo-pilar3-circular-3930-q4-2023.xlsx
2,Nível I,2023-12-31,11637887627.0,anexo-pilar3-circular-3930-q4-2023.xlsx
3,Patrimônio de Referência (PR),2023-12-31,12770894732.0,anexo-pilar3-circular-3930-q4-2023.xlsx
4,RWA total,2023-12-31,93557039207.0,anexo-pilar3-circular-3930-q4-2023.xlsx
5,Índice de Capital Principal (ICP),2023-12-31,0.1141,anexo-pilar3-circular-3930-q4-2023.xlsx
6,Índice de Nível 1 (%),2023-12-31,0.1244,anexo-pilar3-circular-3930-q4-2023.xlsx
7,Índice de Basileia,2023-12-31,0.1365,anexo-pilar3-circular-3930-q4-2023.xlsx
8,Adicional de Conservação de Capital Principal - ACPConservação (%),2023-12-31,0.0,anexo-pilar3-circular-3930-q4-2023.xlsx
9,Adicional Contracíclico de Capital Principal - ACPContracíclico (%),2023-12-31,0.0,anexo-pilar3-circular-3930-q4-2023.xlsx
1,Capital Principal,2024-03-05,11852236937.0,anexo-pilar3-circular-3930-q3-2024.xlsx
10,Adicional de Importância Sistêmica de Capital Principal - ACPSistêmico (%),2024-03-05,0.0,anexo-pilar3-circular-3930-q3-2024.xlsx
11,ACP total (%),2024-03-05,0.0125,anexo-pilar3-circular-3930-q3-2024.xlsx
12,Margem excedente de Capital Principal (%),2024-03-05,0.0603,anexo-pilar3-circular-3930-q3-2024.xlsx
2,Nível I,2024-03-05,12795676072.0,anexo-pilar3-circular-3930-q3-2024.xlsx
3,Patrimônio de Referência (PR),2024-03-05,13969223700.0,anexo-pilar3-circular-3930-q3-2024.xlsx
4,RWA total,2024-03-05,100612467304.0,anexo-pilar3-circular-3930-q3-2024.xlsx
5,Índice de Capital Principal (ICP),2024-03-05,0.1178,anexo-pilar3-circular-3930-q3-2024.xlsx
6,Índice de Nível 1 (%),2024-03-05,0.1272,anexo-pilar3-circular-3930-q3-2024.xlsx
7,Índice de Basileia,2024-03-05,0.1388,anexo-pilar3-circular-3930-q3-2024.xlsx
8,Adicional de Conservação de Capital Principal - ACPConservação (%),2024-03-05,0.0125,anexo-pilar3-circular-3930-q3-2024.xlsx
9,Adicional Contracíclico de Capital Principal - ACPContracíclico (%),2024-03-05,0.0,anexo-pilar3-circular-3930-q3-2024.xlsx
1,Capital Principal,2024-03-16,11852236937.0,anexo-pilar3-circular-3930-q1-2025__1_.xlsx
11,ACP total (%),2024-03-16,0.0125,anexo-pilar3-circular-3930-q1-2025__1_.xlsx
12,Margem excedente de Capital Principal (%),2024-03-16,0.0603,anexo-pilar3-circular-3930-q1-2025__1_.xlsx
2,Nível I,2024-03-16,12795676072.0,anexo-pilar3-circular-3930-q1-2025__1_.xlsx
3,Patrimônio de Referência (PR),2024-03-16,13969223700.0,anexo-pilar3-circular-3930-q1-2025__1_.xlsx
4,RWA total,2024-03-16,100612467304.0,anexo-pilar3-circular-3930-q1-2025__1_.xlsx
5,Índice de Capital Principal (ICP),2024-03-16,0.1178,anexo-pilar3-circular-3930-q1-2025__1_.xlsx
6,Índice de Nível 1 (%),2024-03-16,0.1272,anexo-pilar3-circular-3930-q1-2025__1_.xlsx
7,Índice de Basileia,2024-03-16,0.1388,anexo-pilar3-circular-3930-q1-2025__1_.xlsx
8,Adicional de Conservação de Capital Principal - ACPConservação (%),2024-03-16,0.0125,anexo-pilar3-circular-3930-q1-2025__1_.xlsx
1,Capital Principal,2024-03-21,11852236937.0,anexo-pilar3-circular-3930-q4-2024.xlsx
10,Adicional de Importância Sistêmica de Capital Principal - ACPSistêmico (%),2024-03-21,0.0,anexo-pilar3-circular-3930-q4-2024.xlsx
11,ACP total (%),2024-03-21,0.0125,anexo-pilar3-circular-3930-q4-2024.xlsx
12,Margem excedente de Capital Principal (%),2024-03-21,0.0603,anexo-pilar3-circular-3930-q4-2024.xlsx
2,Nível I,2024-03-21,12795676072.0,anexo-pilar3-circular-3930-q4-2024.xlsx
3,Patrimônio de Referência (PR),2024-03-21,13969223700.0,anexo-pilar3-circular-3930-q4-2024.xlsx
4,RWA total,2024-03-21,100612467304.0,anexo-pilar3-circular-3930-q4-2024.xlsx
5,Índice de Capital Principal (ICP),2024-03-21,0.1178,anexo-pilar3-circular-3930-q4-2024.xlsx
6,Índice de Nível 1 (%),2024-03-21,0.1272,anexo-pilar3-circular-3930-q4-2024.xlsx
7,Índice de Basileia,2024-03-21,0.1388,anexo-pilar3-circular-3930-q4-2024.xlsx
8,Adicional de Conservação de Capital Principal - ACPConservação (%),2024-03-21,0.0125,anexo-pilar3-circular-3930-q4-2024.xlsx
9,Adicional Contracíclico de Capital Principal - ACPContracíclico (%),2024-03-21,0.0,anexo-pilar3-circular-3930-q4-2024.xlsx
1,Capital Principal,2024-03-31,11852236937.0,anexo-pilar3-circular-3930-q2-2024.xlsx
10,Adicional de Importância Sistêmica de Capital Principal - ACPSistêmico (%),2024-03-31,0.0,anexo-pilar3-circular-3930-q2-2024.xlsx
11,ACP total (%),2024-03-31,0.0125,anexo-pilar3-circular-3930-q2-2024.xlsx
12,Margem excedente de Capital Principal (%),2024-03-31,0.0603,anexo-pilar3-circular-3930-q2-2024.xlsx
2,Nível I,2024-03-31,12795676072.0,anexo-pilar3-circular-3930-q2-2024.xlsx
3,Patrimônio de Referência (PR),2024-03-31,13969223700.0,anexo-pilar3-circular-3930-q2-2024.xlsx
4,RWA total,2024-03-31,100612467304.0,anexo-pilar3-circular-3930-q2-2024.xlsx
5,Índice de Capital Principal (ICP),2024-03-31,0.1178,anexo-pilar3-circular-3930-q2-2024.xlsx
6,Índice de Nível 1 (%),2024-03-31,0.1272,anexo-pilar3-circular-3930-q2-2024.xlsx
7,Índice de Basileia,2024-03-31,0.1388,anexo-pilar3-circular-3930-q2-2024.xlsx
8,Adicional de Conservação de Capital Principal - ACPConservação (%),2024-03-31,0.0125,anexo-pilar3-circular-3930-q2-2024.xlsx
9,Adicional Contracíclico de Capital Principal - ACPContracíclico (%),2024-03-31,0.0,anexo-pilar3-circular-3930-q2-2024.xlsx
1,Capital Principal,2024-06-03,13243611753.0,anexo-pilar3-circular-3930-q3-2024.xlsx
10,Adicional de Importância Sistêmica de Capital Principal - ACPSistêmico (%),2024-06-03,0.0,anexo-pilar3-circular-3930-q3-2024.xlsx
11,ACP total (%),2024-06-03,0.0125,anexo-pilar3-circular-3930-q3-2024.xlsx
12,Margem excedente de Capital Principal (%),2024-06-03,0.0689,anexo-pilar3-circular-3930-q3-2024.xlsx
2,Nível I,2024-06-03,15048813737.0,anexo-pilar3-circular-3930-q3-2024.xlsx
3,Patrimônio de Referência (PR),2024-06-03,16574240291.0,anexo-pilar3-circular-3930-q3-2024.xlsx
4,RWA total,2024-06-03,104805517394.0,anexo-pilar3-circular-3930-q3-2024.xlsx
5,Índice de Capital Principal (ICP),2024-06-03,0.1264,anexo-pilar3-circular-3930-q3-2024.xlsx
6,Índice de Nível 1 (%),2024-06-03,0.1436,anexo-pilar3-circular-3930-q3-2024.xlsx
7,Índice de Basileia,2024-06-03,0.1581,anexo-pilar3-circular-3930-q3-2024.xlsx
8,Adicional de Conservação de Capital Principal - ACPConservação (%),2024-06-03,0.0125,anexo-pilar3-circular-3930-q3-2024.xlsx
9,Adicional Contracíclico de Capital Principal - ACPContracíclico (%),2024-06-03,0.0,anexo-pilar3-circular-3930-q3-2024.xlsx
1,Capital Principal,2024-06-15,13243611753.0,anexo-pilar3-circular-3930-q2-2025__1_.xlsx
11,ACP total (%),2024-06-15,0.0125,anexo-pilar3-circular-3930-q2-2025__1_.xlsx
12,Margem excedente de Capital Principal (%),2024-06-15,0.0689,anexo-pilar3-circular-3930-q2-2025__1_.xlsx
12a,Margem excedente de Capital Principal (%) considerando o Capital Principal conforme linha 1a,2024-06-15,0.0689,anexo-pilar3-circular-3930-q2-2025__1_.xlsx
1a,"Capital Principal corresponde à linha 1 deduzindo, conforme aplicável, o valor estabelecido pelo:
- art. 4º, caput, inciso I, alínea “i”, e §§ 8º e 9º, da Resolução CMN nº 4.955, de 21 de outubro de 2021; ou
- art. 3º, caput, inciso I, alínea “i”, §§ 8º e 9º, da Resolução BCB nº 199, de 11 de março de 2022.",2024-06-15,13243611753.0,anexo-pilar3-circular-3930-q2-2025__1_.xlsx
2,Nível I,2024-06-15,15048813737.0,anexo-pilar3-circular-3930-q2-2025__1_.xlsx
2a,Nível I considerando a apuração do Capital Principal conforme linha 1a ,2024-06-15,15048813737.0,anexo-pilar3-circular-3930-q2-2025__1_.xlsx
3,Patrimônio de Referência (PR),2024-06-15,16574240291.0,anexo-pilar3-circular-3930-q2-2025__1_.xlsx
3a,Patrimônio de Referência (PR) considerando a apuração do Capital Principal conforme linha 1a ,2024-06-15,16574240291.0,anexo-pilar3-circular-3930-q2-2025__1_.xlsx
4,RWA total,2024-06-15,104805517394.0,anexo-pilar3-circular-3930-q2-2025__1_.xlsx
4b,"RWA corresponde à linha 4 deduzindo, conforme aplicável, o valor referente ao inciso XII do caput do art. 4º ponderado pelo Fator de Ponderação de Risco (FPR) estabelecido no art. 82-A, ambos os comandos da Resolução 229, de 12 de maio de 2022.",2024-06-15,104805517394.0,anexo-pilar3-circular-3930-q2-2025__1_.xlsx
5,Índice de Capital Principal (ICP),2024-06-15,0.1264,anexo-pilar3-circular-3930-q2-2025__1_.xlsx
5a,"Índice de Capital Principal (ICP) considerando: 
- Numerador: corresponde à linha 1a 
- Denominador: corresponde à linha 4b",2024-06-15,0.1264,anexo-pilar3-circular-3930-q2-2025__1_.xlsx
6,Índice de Nível 1 (%),2024-06-15,0.1436,anexo-pilar3-circular-3930-q2-2025__1_.xlsx
6a,"Índice de Nível 1, considerando:
- Numerador: corresponde à linha 2a
- Denominador: corresponde à linha 4b",2024-06-15,0.1436,anexo-pilar3-circular-3930-q2-2025__1_.xlsx
7,Índice de Basileia,2024-06-15,0.1581,anexo-pilar3-circular-3930-q2-2025__1_.xlsx
7a,"Índice de Basileia, considerando:
- Numerador: corresponde à linha 3a
- Denominador: corresponde à linha 4b",2024-06-15,0.1581,anexo-pilar3-circular-3930-q2-2025__1_.xlsx
8,Adicional de Conservação de Capital Principal - ACPConservação (%),2024-06-15,0.0125,anexo-pilar3-circular-3930-q2-2025__1_.xlsx
1,Capital Principal,2024-06-19,13243611753.0,anexo-pilar3-circular-3930-q1-2025__1_.xlsx
11,ACP total (%),2024-06-19,0.0125,anexo-pilar3-circular-3930-q1-2025__1_.xlsx
12,Margem excedente de Capital Principal (%),2024-06-19,0.0689,anexo-pilar3-circular-3930-q1-2025__1_.xlsx
2,Nível I,2024-06-19,15048813737.0,anexo-pilar3-circular-3930-q1-2025__1_.xlsx
3,Patrimônio de Referência (PR),2024-06-19,16574240291.0,anexo-pilar3-circular-3930-q1-2025__1_.xlsx
4,RWA total,2024-06-19,104805517394.0,anexo-pilar3-circular-3930-q1-2025__1_.xlsx
5,Índice de Capital Principal (ICP),2024-06-19,0.1264,anexo-pilar3-circular-3930-q1-2025__1_.xlsx
6,Índice de Nível 1 (%),2024-06-19,0.1436,anexo-pilar3-circular-3930-q1-2025__1_.xlsx
7,Índice de Basileia,2024-06-19,0.1581,anexo-pilar3-circular-3930-q1-2025__1_.xlsx
8,Adicional de Conservação de Capital Principal - ACPConservação (%),2024-06-19,0.0125,anexo-pilar3-circular-3930-q1-2025__1_.xlsx
1,Capital Principal,2024-06-24,13243611753.0,anexo-pilar3-circular-3930-q4-2024.xlsx
10,Adicional de Importância Sistêmica de Capital Principal - ACPSistêmico (%),2024-06-24,0.0,anexo-pilar3-circular-3930-q4-2024.xlsx
11,ACP total (%),2024-06-24,0.0125,anexo-pilar3-circular-3930-q4-2024.xlsx
12,Margem excedente de Capital Principal (%),2024-06-24,0.0689,anexo-pilar3-circular-3930-q4-2024.xlsx
2,Nível I,2024-06-24,15048813737.0,anexo-pilar3-circular-3930-q4-2024.xlsx
3,Patrimônio de Referência (PR),2024-06-24,16574240291.0,anexo-pilar3-circular-3930-q4-2024.xlsx
4,RWA total,2024-06-24,104805517394.0,anexo-pilar3-circular-3930-q4-2024.xlsx
5,Índice de Capital Principal (ICP),2024-06-24,0.1264,anexo-pilar3-circular-3930-q4-2024.xlsx
6,Índice de Nível 1 (%),2024-06-24,0.1436,anexo-pilar3-circular-3930-q4-2024.xlsx
7,Índice de Basileia,2024-06-24,0.1581,anexo-pilar3-circular-3930-q4-2024.xlsx
8,Adicional de Conservação de Capital Principal - ACPConservação (%),2024-06-24,0.0125,anexo-pilar3-circular-3930-q4-2024.xlsx
9,Adicional Contracíclico de Capital Principal - ACPContracíclico (%),2024-06-24,0.0,anexo-pilar3-circular-3930-q4-2024.xlsx
1,Capital Principal,2024-06-30,13243611753.0,anexo-pilar3-circular-3930-q2-2024.xlsx
10,Adicional de Importância Sistêmica de Capital Principal - ACPSistêmico (%),2024-06-30,0.0,anexo-pilar3-circular-3930-q2-2024.xlsx
11,ACP total (%),2024-06-30,0.0125,anexo-pilar3-circular-3930-q2-2024.xlsx
12,Margem excedente de Capital Principal (%),2024-06-30,0.0689,anexo-pilar3-circular-3930-q2-2024.xlsx
2,Nível I,2024-06-30,15048813737.0,anexo-pilar3-circular-3930-q2-2024.xlsx
3,Patrimônio de Referência (PR),2024-06-30,16574240291.0,anexo-pilar3-circular-3930-q2-2024.xlsx
4,RWA total,2024-06-30,104805517394.0,anexo-pilar3-circular-3930-q2-2024.xlsx
5,Índice de Capital Principal (ICP),2024-06-30,0.1264,anexo-pilar3-circular-3930-q2-2024.xlsx
6,Índice de Nível 1 (%),2024-06-30,0.1436,anexo-pilar3-circular-3930-q2-2024.xlsx
7,Índice de Basileia,2024-06-30,0.1581,anexo-pilar3-circular-3930-q2-2024.xlsx
8,Adicional de Conservação de Capital Principal - ACPConservação (%),2024-06-30,0.0125,anexo-pilar3-circular-3930-q2-2024.xlsx
9,Adicional Contracíclico de Capital Principal - ACPContracíclico (%),2024-06-30,0.0,anexo-pilar3-circular-3930-q2-2024.xlsx
1,Capital Principal,2024-09-18,15006902505.0,anexo-pilar3-circular-3930-q2-2025__1_.xlsx
1,Capital Principal,2024-09-18,15006902504.57,anexo-pilar3-circular-3930-q3-2025__1_.xlsx
11,ACP total (%),2024-09-18,0.0125,anexo-pilar3-circular-3930-q2-2025__1_.xlsx
11,ACP total (%),2024-09-18,0.0125,anexo-pilar3-circular-3930-q3-2025__1_.xlsx
12,Margem excedente de Capital Principal (%),2024-09-18,0.0724,anexo-pilar3-circular-3930-q2-2025__1_.xlsx
12,Margem excedente de Capital Principal (%),2024-09-18,0.0724,anexo-pilar3-circular-3930-q3-2025__1_.xlsx
12a,Margem excedente de Capital Principal (%) considerando o Capital Principal conforme linha 1a,2024-09-18,0.0724,anexo-pilar3-circular-3930-q2-2025__1_.xlsx
12a,Margem excedente de Capital Principal (%) considerando o Capital Principal conforme linha 1a,2024-09-18,0.0724,anexo-pilar3-circular-3930-q3-2025__1_.xlsx
1a,"Capital Principal corresponde à linha 1 deduzindo, conforme aplicável, o valor estabelecido pelo:
- art. 4º, caput, inciso I, alínea “i”, e §§ 8º e 9º, da Resolução CMN nº 4.955, de 21 de outubro de 2021; ou
- art. 3º, caput, inciso I, alínea “i”, §§ 8º e 9º, da Resolução BCB nº 199, de 11 de março de 2022.",2024-09-18,15006902505.0,anexo-pilar3-circular-3930-q2-2025__1_.xlsx
1a,"Capital Principal corresponde à linha 1 deduzindo, conforme aplicável, o valor estabelecido pelo:
- art. 4º, caput, inciso I, alínea “i”, e §§ 8º e 9º, da Resolução CMN nº 4.955, de 21 de outubro de 2021; ou
- art. 3º, caput, inciso I, alínea “i”, §§ 8º e 9º, da Resolução BCB nº 199, de 11 de março de 2022.",2024-09-18,15006902505.0,anexo-pilar3-circular-3930-q3-2025__1_.xlsx
2,Nível I,2024-09-18,16795114776.0,anexo-pilar3-circular-3930-q2-2025__1_.xlsx
2,Nível I,2024-09-18,16795114776.23,anexo-pilar3-circular-3930-q3-2025__1_.xlsx
2a,Nível I considerando a apuração do Capital Principal conforme linha 1a ,2024-09-18,16795114776.0,anexo-pilar3-circular-3930-q2-2025__1_.xlsx
2a,Nível I considerando a apuração do Capital Principal conforme linha 1a ,2024-09-18,16795114776.0,anexo-pilar3-circular-3930-q3-2025__1_.xlsx
3,Patrimônio de Referência (PR),2024-09-18,18235930936.0,anexo-pilar3-circular-3930-q2-2025__1_.xlsx
3,Patrimônio de Referência (PR),2024-09-18,18235930936.49,anexo-pilar3-circular-3930-q3-2025__1_.xlsx
3a,Patrimônio de Referência (PR) considerando a apuração do Capital Principal conforme linha 1a ,2024-09-18,18235930936.0,anexo-pilar3-circular-3930-q2-2025__1_.xlsx
3a,Patrimônio de Referência (PR) considerando a apuração do Capital Principal conforme linha 1a ,2024-09-18,18235930936.0,anexo-pilar3-circular-3930-q3-2025__1_.xlsx
4,RWA total,2024-09-18,115562993658.0,anexo-pilar3-circular-3930-q2-2025__1_.xlsx
4,RWA total,2024-09-18,115562993658.0,anexo-pilar3-circular-3930-q3-2025__1_.xlsx
4b,"RWA corresponde à linha 4 deduzindo, conforme aplicável, o valor referente ao inciso XII do caput do art. 4º ponderado pelo Fator de Ponderação de Risco (FPR) estabelecido no art. 82-A, ambos os comandos da Resolução 229, de 12 de maio de 2022.",2024-09-18,115562993658.0,anexo-pilar3-circular-3930-q2-2025__1_.xlsx
4b,"RWA corresponde à linha 4 deduzindo, conforme aplicável, o valor referente ao inciso XII do caput do art. 4º ponderado pelo Fator de Ponderação de Risco (FPR) estabelecido no art. 82-A, ambos os comandos da Resolução 229, de 12 de maio de 2022.",2024-09-18,115562993658.0,anexo-pilar3-circular-3930-q3-2025__1_.xlsx
5,Índice de Capital Principal (ICP),2024-09-18,0.1299,anexo-pilar3-circular-3930-q2-2025__1_.xlsx
5,Índice de Capital Principal (ICP),2024-09-18,0.1299,anexo-pilar3-circular-3930-q3-2025__1_.xlsx
5a,"Índice de Capital Principal (ICP) considerando: 
- Numerador: corresponde à linha 1a 
- Denominador: corresponde à linha 4b",2024-09-18,0.1299,anexo-pilar3-circular-3930-q2-2025__1_.xlsx
5a,"Índice de Capital Principal (ICP) considerando: 
- Numerador: corresponde à linha 1a 
- Denominador: corresponde à linha 4b",2024-09-18,0.12985906673040853,anexo-pilar3-circular-3930-q3-2025__1_.xlsx
6,Índice de Nível 1 (%),2024-09-18,0.1453,anexo-pilar3-circular-3930-q2-2025__1_.xlsx
6,Índice de Nível 1 (%),2024-09-18,0.1453,anexo-pilar3-circular-3930-q3-2025__1_.xlsx
6a,"Índice de Nível 1, considerando:
- Numerador: corresponde à linha 2a
- Denominador: corresponde à linha 4b",2024-09-18,0.1453,anexo-pilar3-circular-3930-q2-2025__1_.xlsx
6a,"Índice de Nível 1, considerando:
- Numerador: corresponde à linha 2a
- Denominador: corresponde à linha 4b",2024-09-18,0.14533298458591234,anexo-pilar3-circular-3930-q3-2025__1_.xlsx
7,Índice de Basileia,2024-09-18,0.1578,anexo-pilar3-circular-3930-q2-2025__1_.xlsx
7,Índice de Basileia,2024-09-18,0.1578,anexo-pilar3-circular-3930-q3-2025__1_.xlsx
7a,"Índice de Basileia, considerando:
- Numerador: corresponde à linha 3a
- Denominador: corresponde à linha 4b",2024-09-18,0.1578,anexo-pilar3-circular-3930-q2-2025__1_.xlsx
7a,"Índice de Basileia, considerando:
- Numerador: corresponde à linha 3a
- Denominador: corresponde à linha 4b",2024-09-18,0.1578007834408294,anexo-pilar3-circular-3930-q3-2025__1_.xlsx
8,Adicional de Conservação de Capital Principal - ACPConservação (%),2024-09-18,0.0125,anexo-pilar3-circular-3930-q2-2025__1_.xlsx
8,Adicional de Conservação de Capital Principal - ACPConservação (%),2024-09-18,0.0125,anexo-pilar3-circular-3930-q3-2025__1_.xlsx
1,Capital Principal,2024-09-22,15006902505.0,anexo-pilar3-circular-3930-q1-2025__1_.xlsx
11,ACP total (%),2024-09-22,0.0125,anexo-pilar3-circular-3930-q1-2025__1_.xlsx
12,Margem excedente de Capital Principal (%),2024-09-22,0.0724,anexo-pilar3-circular-3930-q1-2025__1_.xlsx
2,Nível I,2024-09-22,16795114776.0,anexo-pilar3-circular-3930-q1-2025__1_.xlsx
3,Patrimônio de Referência (PR),2024-09-22,18235930936.0,anexo-pilar3-circular-3930-q1-2025__1_.xlsx
4,RWA total,2024-09-22,115562993658.0,anexo-pilar3-circular-3930-q1-2025__1_.xlsx
5,Índice de Capital Principal (ICP),2024-09-22,0.1299,anexo-pilar3-circular-3930-q1-2025__1_.xlsx
6,Índice de Nível 1 (%),2024-09-22,0.1453,anexo-pilar3-circular-3930-q1-2025__1_.xlsx
7,Índice de Basileia,2024-09-22,0.1578,anexo-pilar3-circular-3930-q1-2025__1_.xlsx
8,Adicional de Conservação de Capital Principal - ACPConservação (%),2024-09-22,0.0125,anexo-pilar3-circular-3930-q1-2025__1_.xlsx
1,Capital Principal,2024-09-27,15006902505.0,anexo-pilar3-circular-3930-q4-2024.xlsx
10,Adicional de Importância Sistêmica de Capital Principal - ACPSistêmico (%),2024-09-27,0.0,anexo-pilar3-circular-3930-q4-2024.xlsx
11,ACP total (%),2024-09-27,0.0125,anexo-pilar3-circular-3930-q4-2024.xlsx
12,Margem excedente de Capital Principal (%),2024-09-27,0.0724,anexo-pilar3-circular-3930-q4-2024.xlsx
2,Nível I,2024-09-27,16795114776.0,anexo-pilar3-circular-3930-q4-2024.xlsx
3,Patrimônio de Referência (PR),2024-09-27,18235930936.0,anexo-pilar3-circular-3930-q4-2024.xlsx
4,RWA total,2024-09-27,115562993658.0,anexo-pilar3-circular-3930-q4-2024.xlsx
5,Índice de Capital Principal (ICP),2024-09-27,0.1299,anexo-pilar3-circular-3930-q4-2024.xlsx
6,Índice de Nível 1 (%),2024-09-27,0.1453,anexo-pilar3-circular-3930-q4-2024.xlsx
7,Índice de Basileia,2024-09-27,0.1578,anexo-pilar3-circular-3930-q4-2024.xlsx
8,Adicional de Conservação de Capital Principal - ACPConservação (%),2024-09-27,0.0125,anexo-pilar3-circular-3930-q4-2024.xlsx
9,Adicional Contracíclico de Capital Principal - ACPContracíclico (%),2024-09-27,0.0,anexo-pilar3-circular-3930-q4-2024.xlsx
1,Capital Principal,2024-12-22,18156195334.0,anexo-pilar3-circular-3930-q2-2025__1_.xlsx
1,Capital Principal,2024-12-22,18156195333.54,anexo-pilar3-circular-3930-q3-2025__1_.xlsx
11,ACP total (%),2024-12-22,0.0125,anexo-pilar3-circular-3930-q2-2025__1_.xlsx
11,ACP total (%),2024-12-22,0.0125,anexo-pilar3-circular-3930-q3-2025__1_.xlsx
12,Margem excedente de Capital Principal (%),2024-12-22,0.089,anexo-pilar3-circular-3930-q2-2025__1_.xlsx
12,Margem excedente de Capital Principal (%),2024-12-22,0.089,anexo-pilar3-circular-3930-q3-2025__1_.xlsx
12a,Margem excedente de Capital Principal (%) considerando o Capital Principal conforme linha 1a,2024-12-22,0.089,anexo-pilar3-circular-3930-q2-2025__1_.xlsx
12a,Margem excedente de Capital Principal (%) considerando o Capital Principal conforme linha 1a,2024-12-22,0.089,anexo-pilar3-circular-3930-q3-2025__1_.xlsx
1a,"Capital Principal corresponde à linha 1 deduzindo, conforme aplicável, o valor estabelecido pelo:
- art. 4º, caput, inciso I, alínea “i”, e §§ 8º e 9º, da Resolução CMN nº 4.955, de 21 de outubro de 2021; ou
- art. 3º, caput, inciso I, alínea “i”, §§ 8º e 9º, da Resolução BCB nº 199, de 11 de março de 2022.",2024-12-22,18156195334.0,anexo-pilar3-circular-3930-q2-2025__1_.xlsx
1a,"Capital Principal corresponde à linha 1 deduzindo, conforme aplicável, o valor estabelecido pelo:
- art. 4º, caput, inciso I, alínea “i”, e §§ 8º e 9º, da Resolução CMN nº 4.955, de 21 de outubro de 2021; ou
- art. 3º, caput, inciso I, alínea “i”, §§ 8º e 9º, da Resolução BCB nº 199, de 11 de março de 2022.",2024-12-22,18156195334.0,anexo-pilar3-circular-3930-q3-2025__1_.xlsx
2,Nível I,2024-12-22,20064519940.0,anexo-pilar3-circular-3930-q2-2025__1_.xlsx
2,Nível I,2024-12-22,20064519939.77,anexo-pilar3-circular-3930-q3-2025__1_.xlsx
2a,Nível I considerando a apuração do Capital Principal conforme linha 1a ,2024-12-22,20064519940.0,anexo-pilar3-circular-3930-q2-2025__1_.xlsx
2a,Nível I considerando a apuração do Capital Principal conforme linha 1a ,2024-12-22,20064519940.0,anexo-pilar3-circular-3930-q3-2025__1_.xlsx
3,Patrimônio de Referência (PR),2024-12-22,22408544502.0,anexo-pilar3-circular-3930-q2-2025__1_.xlsx
3,Patrimônio de Referência (PR),2024-12-22,22408544501.7,anexo-pilar3-circular-3930-q3-2025__1_.xlsx
3a,Patrimônio de Referência (PR) considerando a apuração do Capital Principal conforme linha 1a ,2024-12-22,22408544502.0,anexo-pilar3-circular-3930-q2-2025__1_.xlsx
3a,Patrimônio de Referência (PR) considerando a apuração do Capital Principal conforme linha 1a ,2024-12-22,22408544502.0,anexo-pilar3-circular-3930-q3-2025__1_.xlsx
4,RWA total,2024-12-22,123915743421.0,anexo-pilar3-circular-3930-q2-2025__1_.xlsx
4,RWA total,2024-12-22,123915743421.0,anexo-pilar3-circular-3930-q3-2025__1_.xlsx
4b,"RWA corresponde à linha 4 deduzindo, conforme aplicável, o valor referente ao inciso XII do caput do art. 4º ponderado pelo Fator de Ponderação de Risco (FPR) estabelecido no art. 82-A, ambos os comandos da Resolução 229, de 12 de maio de 2022.",2024-12-22,123915743421.0,anexo-pilar3-circular-3930-q2-2025__1_.xlsx
4b,"RWA corresponde à linha 4 deduzindo, conforme aplicável, o valor referente ao inciso XII do caput do art. 4º ponderado pelo Fator de Ponderação de Risco (FPR) estabelecido no art. 82-A, ambos os comandos da Resolução 229, de 12 de maio de 2022.",2024-12-22,123915743421.0,anexo-pilar3-circular-3930-q3-2025__1_.xlsx
5,Índice de Capital Principal (ICP),2024-12-22,0.1465,anexo-pilar3-circular-3930-q2-2025__1_.xlsx
5,Índice de Capital Principal (ICP),2024-12-22,0.1465,anexo-pilar3-circular-3930-q3-2025__1_.xlsx
5a,"Índice de Capital Principal (ICP) considerando: 
- Numerador: corresponde à linha 1a 
- Denominador: corresponde à linha 4b",2024-12-22,0.1465,anexo-pilar3-circular-3930-q2-2025__1_.xlsx
5a,"Índice de Capital Principal (ICP) considerando: 
- Numerador: corresponde à linha 1a 
- Denominador: corresponde à linha 4b",2024-12-22,0.14652048910617332,anexo-pilar3-circular-3930-q3-2025__1_.xlsx
6,Índice de Nível 1 (%),2024-12-22,0.1619,anexo-pilar3-circular-3930-q2-2025__1_.xlsx
6,Índice de Nível 1 (%),2024-12-22,0.1619,anexo-pilar3-circular-3930-q3-2025__1_.xlsx
6a,"Índice de Nível 1, considerando:
- Numerador: corresponde à linha 2a
- Denominador: corresponde à linha 4b",2024-12-22,0.1619,anexo-pilar3-circular-3930-q2-2025__1_.xlsx
6a,"Índice de Nível 1, considerando:
- Numerador: corresponde à linha 2a
- Denominador: corresponde à linha 4b",2024-12-22,0.16192066791570947,anexo-pilar3-circular-3930-q3-2025__1_.xlsx
7,Índice de Basileia,2024-12-22,0.1808,anexo-pilar3-circular-3930-q2-2025__1_.xlsx
7,Índice de Basileia,2024-12-22,0.1808,anexo-pilar3-circular-3930-q3-2025__1_.xlsx
7a,"Índice de Basileia, considerando:
- Numerador: corresponde à linha 3a
- Denominador: corresponde à linha 4b",2024-12-22,0.1808,anexo-pilar3-circular-3930-q2-2025__1_.xlsx
7a,"Índice de Basileia, considerando:
- Numerador: corresponde à linha 3a
- Denominador: corresponde à linha 4b",2024-12-22,0.18083694519644405,anexo-pilar3-circular-3930-q3-2025__1_.xlsx
8,Adicional de Conservação de Capital Principal - ACPConservação (%),2024-12-22,0.0125,anexo-pilar3-circular-3930-q2-2025__1_.xlsx
8,Adicional de Conservação de Capital Principal - ACPConservação (%),2024-12-22,0.0125,anexo-pilar3-circular-3930-q3-2025__1_.xlsx
1,Capital Principal,2024-12-26,18156195334.0,anexo-pilar3-circular-3930-q1-2025__1_.xlsx
1,Capital Principal,2024-12-26,18156195334.0,anexo-pilar3-circular-3930-q4-2025.xlsx
11,ACP total (%),2024-12-26,0.0125,anexo-pilar3-circular-3930-q1-2025__1_.xlsx
11,ACP total (%),2024-12-26,0.0125,anexo-pilar3-circular-3930-q4-2025.xlsx
12,Margem excedente de Capital Principal (%),2024-12-26,0.089,anexo-pilar3-circular-3930-q1-2025__1_.xlsx
12,Margem excedente de Capital Principal (%),2024-12-26,0.089,anexo-pilar3-circular-3930-q4-2025.xlsx
12a,Margem excedente de Capital Principal (%) considerando o Capital Principal conforme linha 1a,2024-12-26,0.089,anexo-pilar3-circular-3930-q4-2025.xlsx
1a,"Capital Principal corresponde à linha 1 deduzindo, conforme aplicável, o valor estabelecido pelo:
- art. 4º, caput, inciso I, alínea “i”, e §§ 8º e 9º, da Resolução CMN nº 4.955, de 21 de outubro de 2021; ou
- art. 3º, caput, inciso I, alínea “i”, §§ 8º e 9º, da Resolução BCB nº 199, de 11 de março de 2022.",2024-12-26,18156195334.0,anexo-pilar3-circular-3930-q4-2025.xlsx
2,Nível I,2024-12-26,20064519940.0,anexo-pilar3-circular-3930-q1-2025__1_.xlsx
2,Nível I,2024-12-26,20064519940.0,anexo-pilar3-circular-3930-q4-2025.xlsx
2a,Nível I considerando a apuração do Capital Principal conforme linha 1a ,2024-12-26,20064519940.0,anexo-pilar3-circular-3930-q4-2025.xlsx
3,Patrimônio de Referência (PR),2024-12-26,22408544502.0,anexo-pilar3-circular-3930-q1-2025__1_.xlsx
3,Patrimônio de Referência (PR),2024-12-26,22408544502.0,anexo-pilar3-circular-3930-q4-2025.xlsx
3a,Patrimônio de Referência (PR) considerando a apuração do Capital Principal conforme linha 1a ,2024-12-26,22408544502.0,anexo-pilar3-circular-3930-q4-2025.xlsx
4,RWA total,2024-12-26,123915743421.0,anexo-pilar3-circular-3930-q1-2025__1_.xlsx
4,RWA total,2024-12-26,123915743421.0,anexo-pilar3-circular-3930-q4-2025.xlsx
4b,"RWA corresponde à linha 4 deduzindo, conforme aplicável, o valor referente ao inciso XII do caput do art. 4º ponderado pelo Fator de Ponderação de Risco (FPR) estabelecido no art. 82-A, ambos os comandos da Resolução 229, de 12 de maio de 2022.",2024-12-26,123915743421.0,anexo-pilar3-circular-3930-q4-2025.xlsx
5,Índice de Capital Principal (ICP),2024-12-26,0.1465,anexo-pilar3-circular-3930-q1-2025__1_.xlsx
5,Índice de Capital Principal (ICP),2024-12-26,0.1465,anexo-pilar3-circular-3930-q4-2025.xlsx
5a,"Índice de Capital Principal (ICP) considerando: 
- Numerador: corresponde à linha 1a 
- Denominador: corresponde à linha 4b",2024-12-26,0.1465,anexo-pilar3-circular-3930-q4-2025.xlsx
6,Índice de Nível 1 (%),2024-12-26,0.1619,anexo-pilar3-circular-3930-q1-2025__1_.xlsx
6,Índice de Nível 1 (%),2024-12-26,0.1619,anexo-pilar3-circular-3930-q4-2025.xlsx
6a,"Índice de Nível 1, considerando:
- Numerador: corresponde à linha 2a
- Denominador: corresponde à linha 4b",2024-12-26,0.1619,anexo-pilar3-circular-3930-q4-2025.xlsx
7,Índice de Basileia,2024-12-26,0.1808,anexo-pilar3-circular-3930-q1-2025__1_.xlsx
7,Índice de Basileia,2024-12-26,0.1808,anexo-pilar3-circular-3930-q4-2025.xlsx
7a,"Índice de Basileia, considerando:
- Numerador: corresponde à linha 3a
- Denominador: corresponde à linha 4b",2024-12-26,0.1808,anexo-pilar3-circular-3930-q4-2025.xlsx
8,Adicional de Conservação de Capital Principal - ACPConservação (%),2024-12-26,0.0125,anexo-pilar3-circular-3930-q1-2025__1_.xlsx
8,Adicional de Conservação de Capital Principal - ACPConservação (%),2024-12-26,0.0125,anexo-pilar3-circular-3930-q4-2025.xlsx
1,Capital Principal,2024-12-31,18156195334.0,anexo-pilar3-circular-3930-q4-2024.xlsx
10,Adicional de Importância Sistêmica de Capital Principal - ACPSistêmico (%),2024-12-31,0.0,anexo-pilar3-circular-3930-q4-2024.xlsx
11,ACP total (%),2024-12-31,0.0125,anexo-pilar3-circular-3930-q4-2024.xlsx
12,Margem excedente de Capital Principal (%),2024-12-31,0.089,anexo-pilar3-circular-3930-q4-2024.xlsx
2,Nível I,2024-12-31,20064519940.0,anexo-pilar3-circular-3930-q4-2024.xlsx
3,Patrimônio de Referência (PR),2024-12-31,22408544502.0,anexo-pilar3-circular-3930-q4-2024.xlsx
4,RWA total,2024-12-31,123915743421.0,anexo-pilar3-circular-3930-q4-2024.xlsx
5,Índice de Capital Principal (ICP),2024-12-31,0.1465,anexo-pilar3-circular-3930-q4-2024.xlsx
6,Índice de Nível 1 (%),2024-12-31,0.1619,anexo-pilar3-circular-3930-q4-2024.xlsx
7,Índice de Basileia,2024-12-31,0.1808,anexo-pilar3-circular-3930-q4-2024.xlsx
8,Adicional de Conservação de Capital Principal - ACPConservação (%),2024-12-31,0.0125,anexo-pilar3-circular-3930-q4-2024.xlsx
9,Adicional Contracíclico de Capital Principal - ACPContracíclico (%),2024-12-31,0.0,anexo-pilar3-circular-3930-q4-2024.xlsx
1,Capital Principal,2025-03-27,18679283414.0,anexo-pilar3-circular-3930-q2-2025__1_.xlsx
1,Capital Principal,2025-03-27,18679283413.56,anexo-pilar3-circular-3930-q3-2025__1_.xlsx
11,ACP total (%),2025-03-27,0.025,anexo-pilar3-circular-3930-q2-2025__1_.xlsx
11,ACP total (%),2025-03-27,0.025,anexo-pilar3-circular-3930-q3-2025__1_.xlsx
12,Margem excedente de Capital Principal (%),2025-03-27,0.0679,anexo-pilar3-circular-3930-q2-2025__1_.xlsx
12,Margem excedente de Capital Principal (%),2025-03-27,0.0679,anexo-pilar3-circular-3930-q3-2025__1_.xlsx
12a,Margem excedente de Capital Principal (%) considerando o Capital Principal conforme linha 1a,2025-03-27,0.0576,anexo-pilar3-circular-3930-q2-2025__1_.xlsx
12a,Margem excedente de Capital Principal (%) considerando o Capital Principal conforme linha 1a,2025-03-27,0.0576,anexo-pilar3-circular-3930-q3-2025__1_.xlsx
1a,"Capital Principal corresponde à linha 1 deduzindo, conforme aplicável, o valor estabelecido pelo:
- art. 4º, caput, inciso I, alínea “i”, e §§ 8º e 9º, da Resolução CMN nº 4.955, de 21 de outubro de 2021; ou
- art. 3º, caput, inciso I, alínea “i”, §§ 8º e 9º, da Resolução BCB nº 199, de 11 de março de 2022.",2025-03-27,17074002385.0,anexo-pilar3-circular-3930-q2-2025__1_.xlsx
1a,"Capital Principal corresponde à linha 1 deduzindo, conforme aplicável, o valor estabelecido pelo:
- art. 4º, caput, inciso I, alínea “i”, e §§ 8º e 9º, da Resolução CMN nº 4.955, de 21 de outubro de 2021; ou
- art. 3º, caput, inciso I, alínea “i”, §§ 8º e 9º, da Resolução BCB nº 199, de 11 de março de 2022.",2025-03-27,17074002385.0,anexo-pilar3-circular-3930-q3-2025__1_.xlsx
2,Nível I,2025-03-27,20489914069.0,anexo-pilar3-circular-3930-q2-2025__1_.xlsx
2,Nível I,2025-03-27,20489914069.41,anexo-pilar3-circular-3930-q3-2025__1_.xlsx
2a,Nível I considerando a apuração do Capital Principal conforme linha 1a ,2025-03-27,18884633040.0,anexo-pilar3-circular-3930-q2-2025__1_.xlsx
2a,Nível I considerando a apuração do Capital Principal conforme linha 1a ,2025-03-27,18884633040.0,anexo-pilar3-circular-3930-q3-2025__1_.xlsx
3,Patrimônio de Referência (PR),2025-03-27,22830432227.0,anexo-pilar3-circular-3930-q2-2025__1_.xlsx
3,Patrimônio de Referência (PR),2025-03-27,22830432227.31,anexo-pilar3-circular-3930-q3-2025__1_.xlsx
3a,Patrimônio de Referência (PR) considerando a apuração do Capital Principal conforme linha 1a ,2025-03-27,21225151198.0,anexo-pilar3-circular-3930-q2-2025__1_.xlsx
3a,Patrimônio de Referência (PR) considerando a apuração do Capital Principal conforme linha 1a ,2025-03-27,21225151198.0,anexo-pilar3-circular-3930-q3-2025__1_.xlsx
4,RWA total,2025-03-27,135437827025.0,anexo-pilar3-circular-3930-q2-2025__1_.xlsx
4,RWA total,2025-03-27,135437827025.0,anexo-pilar3-circular-3930-q3-2025__1_.xlsx
4b,"RWA corresponde à linha 4 deduzindo, conforme aplicável, o valor referente ao inciso XII do caput do art. 4º ponderado pelo Fator de Ponderação de Risco (FPR) estabelecido no art. 82-A, ambos os comandos da Resolução 229, de 12 de maio de 2022.",2025-03-27,133832545996.0,anexo-pilar3-circular-3930-q2-2025__1_.xlsx
4b,"RWA corresponde à linha 4 deduzindo, conforme aplicável, o valor referente ao inciso XII do caput do art. 4º ponderado pelo Fator de Ponderação de Risco (FPR) estabelecido no art. 82-A, ambos os comandos da Resolução 229, de 12 de maio de 2022.",2025-03-27,133832545996.0,anexo-pilar3-circular-3930-q3-2025__1_.xlsx
5,Índice de Capital Principal (ICP),2025-03-27,0.1379,anexo-pilar3-circular-3930-q2-2025__1_.xlsx
5,Índice de Capital Principal (ICP),2025-03-27,0.1379,anexo-pilar3-circular-3930-q3-2025__1_.xlsx
5a,"Índice de Capital Principal (ICP) considerando: 
- Numerador: corresponde à linha 1a 
- Denominador: corresponde à linha 4b",2025-03-27,0.1276,anexo-pilar3-circular-3930-q2-2025__1_.xlsx
5a,"Índice de Capital Principal (ICP) considerando: 
- Numerador: corresponde à linha 1a 
- Denominador: corresponde à linha 4b",2025-03-27,0.1275773561500527,anexo-pilar3-circular-3930-q3-2025__1_.xlsx
6,Índice de Nível 1 (%),2025-03-27,0.1513,anexo-pilar3-circular-3930-q2-2025__1_.xlsx
6,Índice de Nível 1 (%),2025-03-27,0.1513,anexo-pilar3-circular-3930-q3-2025__1_.xlsx
6a,"Índice de Nível 1, considerando:
- Numerador: corresponde à linha 2a
- Denominador: corresponde à linha 4b",2025-03-27,0.1411,anexo-pilar3-circular-3930-q2-2025__1_.xlsx
6a,"Índice de Nível 1, considerando:
- Numerador: corresponde à linha 2a
- Denominador: corresponde à linha 4b",2025-03-27,0.14110643191802108,anexo-pilar3-circular-3930-q3-2025__1_.xlsx
7,Índice de Basileia,2025-03-27,0.1686,anexo-pilar3-circular-3930-q2-2025__1_.xlsx
7,Índice de Basileia,2025-03-27,0.1686,anexo-pilar3-circular-3930-q3-2025__1_.xlsx
7a,"Índice de Basileia, considerando:
- Numerador: corresponde à linha 3a
- Denominador: corresponde à linha 4b",2025-03-27,0.1586,anexo-pilar3-circular-3930-q2-2025__1_.xlsx
7a,"Índice de Basileia, considerando:
- Numerador: corresponde à linha 3a
- Denominador: corresponde à linha 4b",2025-03-27,0.15859483984287634,anexo-pilar3-circular-3930-q3-2025__1_.xlsx
8,Adicional de Conservação de Capital Principal - ACPConservação (%),2025-03-27,0.025,anexo-pilar3-circular-3930-q2-2025__1_.xlsx
8,Adicional de Conservação de Capital Principal - ACPConservação (%),2025-03-27,0.025,anexo-pilar3-circular-3930-q3-2025__1_.xlsx
1,Capital Principal,2025-03-29,18679283414.0,anexo-pilar3-circular-3930-q4-2025.xlsx
11,ACP total (%),2025-03-29,0.025,anexo-pilar3-circular-3930-q4-2025.xlsx
12,Margem excedente de Capital Principal (%),2025-03-29,0.0679,anexo-pilar3-circular-3930-q4-2025.xlsx
12a,Margem excedente de Capital Principal (%) considerando o Capital Principal conforme linha 1a,2025-03-29,0.0576,anexo-pilar3-circular-3930-q4-2025.xlsx
1a,"Capital Principal corresponde à linha 1 deduzindo, conforme aplicável, o valor estabelecido pelo:
- art. 4º, caput, inciso I, alínea “i”, e §§ 8º e 9º, da Resolução CMN nº 4.955, de 21 de outubro de 2021; ou
- art. 3º, caput, inciso I, alínea “i”, §§ 8º e 9º, da Resolução BCB nº 199, de 11 de março de 2022.",2025-03-29,17074002385.0,anexo-pilar3-circular-3930-q4-2025.xlsx
2,Nível I,2025-03-29,20489914069.0,anexo-pilar3-circular-3930-q4-2025.xlsx
2a,Nível I considerando a apuração do Capital Principal conforme linha 1a ,2025-03-29,18884633040.0,anexo-pilar3-circular-3930-q4-2025.xlsx
3,Patrimônio de Referência (PR),2025-03-29,22830432227.0,anexo-pilar3-circular-3930-q4-2025.xlsx
3a,Patrimônio de Referência (PR) considerando a apuração do Capital Principal conforme linha 1a ,2025-03-29,21225151198.0,anexo-pilar3-circular-3930-q4-2025.xlsx
4,RWA total,2025-03-29,135437827025.0,anexo-pilar3-circular-3930-q4-2025.xlsx
4b,"RWA corresponde à linha 4 deduzindo, conforme aplicável, o valor referente ao inciso XII do caput do art. 4º ponderado pelo Fator de Ponderação de Risco (FPR) estabelecido no art. 82-A, ambos os comandos da Resolução 229, de 12 de maio de 2022.",2025-03-29,133832545996.0,anexo-pilar3-circular-3930-q4-2025.xlsx
5,Índice de Capital Principal (ICP),2025-03-29,0.1379,anexo-pilar3-circular-3930-q4-2025.xlsx
5a,"Índice de Capital Principal (ICP) considerando: 
- Numerador: corresponde à linha 1a 
- Denominador: corresponde à linha 4b",2025-03-29,0.1276,anexo-pilar3-circular-3930-q4-2025.xlsx
6,Índice de Nível 1 (%),2025-03-29,0.1513,anexo-pilar3-circular-3930-q4-2025.xlsx
6a,"Índice de Nível 1, considerando:
- Numerador: corresponde à linha 2a
- Denominador: corresponde à linha 4b",2025-03-29,0.1411,anexo-pilar3-circular-3930-q4-2025.xlsx
7,Índice de Basileia,2025-03-29,0.1686,anexo-pilar3-circular-3930-q4-2025.xlsx
7a,"Índice de Basileia, considerando:
- Numerador: corresponde à linha 3a
- Denominador: corresponde à linha 4b",2025-03-29,0.1586,anexo-pilar3-circular-3930-q4-2025.xlsx
8,Adicional de Conservação de Capital Principal - ACPConservação (%),2025-03-29,0.025,anexo-pilar3-circular-3930-q4-2025.xlsx
1,Capital Principal,2025-03-31,18679283414.0,anexo-pilar3-circular-3930-q1-2025__1_.xlsx
11,ACP total (%),2025-03-31,0.025,anexo-pilar3-circular-3930-q1-2025__1_.xlsx
12,Margem excedente de Capital Principal (%),2025-03-31,0.0679,anexo-pilar3-circular-3930-q1-2025__1_.xlsx
2,Nível I,2025-03-31,20489914069.0,anexo-pilar3-circular-3930-q1-2025__1_.xlsx
3,Patrimônio de Referência (PR),2025-03-31,22830432227.0,anexo-pilar3-circular-3930-q1-2025__1_.xlsx
4,RWA total,2025-03-31,135437827025.0,anexo-pilar3-circular-3930-q1-2025__1_.xlsx
5,Índice de Capital Principal (ICP),2025-03-31,0.1379,anexo-pilar3-circular-3930-q1-2025__1_.xlsx
6,Índice de Nível 1 (%),2025-03-31,0.1513,anexo-pilar3-circular-3930-q1-2025__1_.xlsx
7,Índice de Basileia,2025-03-31,0.1686,anexo-pilar3-circular-3930-q1-2025__1_.xlsx
8,Adicional de Conservação de Capital Principal - ACPConservação (%),2025-03-31,0.025,anexo-pilar3-circular-3930-q1-2025__1_.xlsx
1,Capital Principal,2025-06-30,18331501338.0,anexo-pilar3-circular-3930-q2-2025__1_.xlsx
1,Capital Principal,2025-06-30,18331501337.85,anexo-pilar3-circular-3930-q3-2025__1_.xlsx
1,Capital Principal,2025-06-30,18331501338.0,anexo-pilar3-circular-3930-q4-2025.xlsx
11,ACP total (%),2025-06-30,0.025,anexo-pilar3-circular-3930-q2-2025__1_.xlsx
11,ACP total (%),2025-06-30,0.025,anexo-pilar3-circular-3930-q3-2025__1_.xlsx
11,ACP total (%),2025-06-30,0.025,anexo-pilar3-circular-3930-q4-2025.xlsx
12,Margem excedente de Capital Principal (%),2025-06-30,0.0587,anexo-pilar3-circular-3930-q2-2025__1_.xlsx
12,Margem excedente de Capital Principal (%),2025-06-30,0.0587,anexo-pilar3-circular-3930-q3-2025__1_.xlsx
12,Margem excedente de Capital Principal (%),2025-06-30,0.0587,anexo-pilar3-circular-3930-q4-2025.xlsx
12a,Margem excedente de Capital Principal (%) considerando o Capital Principal conforme linha 1a,2025-06-30,0.0488,anexo-pilar3-circular-3930-q2-2025__1_.xlsx
12a,Margem excedente de Capital Principal (%) considerando o Capital Principal conforme linha 1a,2025-06-30,0.0488,anexo-pilar3-circular-3930-q3-2025__1_.xlsx
12a,Margem excedente de Capital Principal (%) considerando o Capital Principal conforme linha 1a,2025-06-30,0.0488,anexo-pilar3-circular-3930-q4-2025.xlsx
1a,"Capital Principal corresponde à linha 1 deduzindo, conforme aplicável, o valor estabelecido pelo:
- art. 4º, caput, inciso I, alínea “i”, e §§ 8º e 9º, da Resolução CMN nº 4.955, de 21 de outubro de 2021; ou
- art. 3º, caput, inciso I, alínea “i”, §§ 8º e 9º, da Resolução BCB nº 199, de 11 de março de 2022.",2025-06-30,16726220309.0,anexo-pilar3-circular-3930-q2-2025__1_.xlsx
1a,"Capital Principal corresponde à linha 1 deduzindo, conforme aplicável, o valor estabelecido pelo:
- art. 4º, caput, inciso I, alínea “i”, e §§ 8º e 9º, da Resolução CMN nº 4.955, de 21 de outubro de 2021; ou
- art. 3º, caput, inciso I, alínea “i”, §§ 8º e 9º, da Resolução BCB nº 199, de 11 de março de 2022.",2025-06-30,16726220309.0,anexo-pilar3-circular-3930-q3-2025__1_.xlsx
1a,"Capital Principal corresponde à linha 1 deduzindo, conforme aplicável, o valor estabelecido pelo:
- art. 4º, caput, inciso I, alínea “i”, e §§ 8º e 9º, da Resolução CMN nº 4.955, de 21 de outubro de 2021; ou
- art. 3º, caput, inciso I, alínea “i”, §§ 8º e 9º, da Resolução BCB nº 199, de 11 de março de 2022.",2025-06-30,16726220309.0,anexo-pilar3-circular-3930-q4-2025.xlsx
2,Nível I,2025-06-30,20215624288.0,anexo-pilar3-circular-3930-q2-2025__1_.xlsx
2,Nível I,2025-06-30,20215624288.21,anexo-pilar3-circular-3930-q3-2025__1_.xlsx
2,Nível I,2025-06-30,20215624288.0,anexo-pilar3-circular-3930-q4-2025.xlsx
2a,Nível I considerando a apuração do Capital Principal conforme linha 1a ,2025-06-30,18610343259.0,anexo-pilar3-circular-3930-q2-2025__1_.xlsx
2a,Nível I considerando a apuração do Capital Principal conforme linha 1a ,2025-06-30,18610343259.0,anexo-pilar3-circular-3930-q3-2025__1_.xlsx
2a,Nível I considerando a apuração do Capital Principal conforme linha 1a ,2025-06-30,18610343259.0,anexo-pilar3-circular-3930-q4-2025.xlsx
3,Patrimônio de Referência (PR),2025-06-30,22644620111.0,anexo-pilar3-circular-3930-q2-2025__1_.xlsx
3,Patrimônio de Referência (PR),2025-06-30,22644620111.02,anexo-pilar3-circular-3930-q3-2025__1_.xlsx
3,Patrimônio de Referência (PR),2025-06-30,22644620111.0,anexo-pilar3-circular-3930-q4-2025.xlsx
3a,Patrimônio de Referência (PR) considerando a apuração do Capital Principal conforme linha 1a ,2025-06-30,21039339082.0,anexo-pilar3-circular-3930-q2-2025__1_.xlsx
3a,Patrimônio de Referência (PR) considerando a apuração do Capital Principal conforme linha 1a ,2025-06-30,21039339082.0,anexo-pilar3-circular-3930-q3-2025__1_.xlsx
3a,Patrimônio de Referência (PR) considerando a apuração do Capital Principal conforme linha 1a ,2025-06-30,21039339082.0,anexo-pilar3-circular-3930-q4-2025.xlsx
4,RWA total,2025-06-30,142412584712.0,anexo-pilar3-circular-3930-q2-2025__1_.xlsx
4,RWA total,2025-06-30,142412584712.0,anexo-pilar3-circular-3930-q3-2025__1_.xlsx
4,RWA total,2025-06-30,142412584712.0,anexo-pilar3-circular-3930-q4-2025.xlsx
4b,"RWA corresponde à linha 4 deduzindo, conforme aplicável, o valor referente ao inciso XII do caput do art. 4º ponderado pelo Fator de Ponderação de Risco (FPR) estabelecido no art. 82-A, ambos os comandos da Resolução 229, de 12 de maio de 2022.",2025-06-30,140807303683.0,anexo-pilar3-circular-3930-q2-2025__1_.xlsx
4b,"RWA corresponde à linha 4 deduzindo, conforme aplicável, o valor referente ao inciso XII do caput do art. 4º ponderado pelo Fator de Ponderação de Risco (FPR) estabelecido no art. 82-A, ambos os comandos da Resolução 229, de 12 de maio de 2022.",2025-06-30,140807303683.0,anexo-pilar3-circular-3930-q3-2025__1_.xlsx
4b,"RWA corresponde à linha 4 deduzindo, conforme aplicável, o valor referente ao inciso XII do caput do art. 4º ponderado pelo Fator de Ponderação de Risco (FPR) estabelecido no art. 82-A, ambos os comandos da Resolução 229, de 12 de maio de 2022.",2025-06-30,140807303683.0,anexo-pilar3-circular-3930-q4-2025.xlsx
5,Índice de Capital Principal (ICP),2025-06-30,0.1287,anexo-pilar3-circular-3930-q2-2025__1_.xlsx
5,Índice de Capital Principal (ICP),2025-06-30,0.1287,anexo-pilar3-circular-3930-q3-2025__1_.xlsx
5,Índice de Capital Principal (ICP),2025-06-30,0.1287,anexo-pilar3-circular-3930-q4-2025.xlsx
5a,"Índice de Capital Principal (ICP) considerando: 
- Numerador: corresponde à linha 1a 
- Denominador: corresponde à linha 4b",2025-06-30,0.1188,anexo-pilar3-circular-3930-q2-2025__1_.xlsx
5a,"Índice de Capital Principal (ICP) considerando: 
- Numerador: corresponde à linha 1a 
- Denominador: corresponde à linha 4b",2025-06-30,0.1187880164700533,anexo-pilar3-circular-3930-q3-2025__1_.xlsx
5a,"Índice de Capital Principal (ICP) considerando: 
- Numerador: corresponde à linha 1a 
- Denominador: corresponde à linha 4b",2025-06-30,0.1188,anexo-pilar3-circular-3930-q4-2025.xlsx
6,Índice de Nível 1 (%),2025-06-30,0.142,anexo-pilar3-circular-3930-q2-2025__1_.xlsx
6,Índice de Nível 1 (%),2025-06-30,0.142,anexo-pilar3-circular-3930-q3-2025__1_.xlsx
6,Índice de Nível 1 (%),2025-06-30,0.142,anexo-pilar3-circular-3930-q4-2025.xlsx
6a,"Índice de Nível 1, considerando:
- Numerador: corresponde à linha 2a
- Denominador: corresponde à linha 4b",2025-06-30,0.1322,anexo-pilar3-circular-3930-q2-2025__1_.xlsx
6a,"Índice de Nível 1, considerando:
- Numerador: corresponde à linha 2a
- Denominador: corresponde à linha 4b",2025-06-30,0.13216887741063157,anexo-pilar3-circular-3930-q3-2025__1_.xlsx
6a,"Índice de Nível 1, considerando:
- Numerador: corresponde à linha 2a
- Denominador: corresponde à linha 4b",2025-06-30,0.1322,anexo-pilar3-circular-3930-q4-2025.xlsx
7,Índice de Basileia,2025-06-30,0.159,anexo-pilar3-circular-3930-q2-2025__1_.xlsx
7,Índice de Basileia,2025-06-30,0.159,anexo-pilar3-circular-3930-q3-2025__1_.xlsx
7,Índice de Basileia,2025-06-30,0.159,anexo-pilar3-circular-3930-q4-2025.xlsx
7a,"Índice de Basileia, considerando:
- Numerador: corresponde à linha 3a
- Denominador: corresponde à linha 4b",2025-06-30,0.1494,anexo-pilar3-circular-3930-q2-2025__1_.xlsx
7a,"Índice de Basileia, considerando:
- Numerador: corresponde à linha 3a
- Denominador: corresponde à linha 4b",2025-06-30,0.14941937336834418,anexo-pilar3-circular-3930-q3-2025__1_.xlsx
7a,"Índice de Basileia, considerando:
- Numerador: corresponde à linha 3a
- Denominador: corresponde à linha 4b",2025-06-30,0.1494,anexo-pilar3-circular-3930-q4-2025.xlsx
8,Adicional de Conservação de Capital Principal - ACPConservação (%),2025-06-30,0.025,anexo-pilar3-circular-3930-q2-2025__1_.xlsx
8,Adicional de Conservação de Capital Principal - ACPConservação (%),2025-06-30,0.025,anexo-pilar3-circular-3930-q3-2025__1_.xlsx
8,Adicional de Conservação de Capital Principal - ACPConservação (%),2025-06-30,0.025,anexo-pilar3-circular-3930-q4-2025.xlsx
1,Capital Principal,2025-09-30,18730917040.98,anexo-pilar3-circular-3930-q3-2025__1_.xlsx
1,Capital Principal,2025-09-30,18730917041.0,anexo-pilar3-circular-3930-q4-2025.xlsx
11,ACP total (%),2025-09-30,0.025,anexo-pilar3-circular-3930-q3-2025__1_.xlsx
11,ACP total (%),2025-09-30,0.025,anexo-pilar3-circular-3930-q4-2025.xlsx
12,Margem excedente de Capital Principal (%),2025-09-30,0.0488,anexo-pilar3-circular-3930-q3-2025__1_.xlsx
12,Margem excedente de Capital Principal (%),2025-09-30,0.0488,anexo-pilar3-circular-3930-q4-2025.xlsx
12a,Margem excedente de Capital Principal (%) considerando o Capital Principal conforme linha 1a,2025-09-30,0.03978228975,anexo-pilar3-circular-3930-q3-2025__1_.xlsx
12a,Margem excedente de Capital Principal (%) considerando o Capital Principal conforme linha 1a,2025-09-30,0.0398,anexo-pilar3-circular-3930-q4-2025.xlsx
1a,"Capital Principal corresponde à linha 1 deduzindo, conforme aplicável, o valor estabelecido pelo:
- art. 4º, caput, inciso I, alínea “i”, e §§ 8º e 9º, da Resolução CMN nº 4.955, de 21 de outubro de 2021; ou
- art. 3º, caput, inciso I, alínea “i”, §§ 8º e 9º, da Resolução BCB nº 199, de 11 de março de 2022.",2025-09-30,17125636011.93,anexo-pilar3-circular-3930-q3-2025__1_.xlsx
1a,"Capital Principal corresponde à linha 1 deduzindo, conforme aplicável, o valor estabelecido pelo:
- art. 4º, caput, inciso I, alínea “i”, e §§ 8º e 9º, da Resolução CMN nº 4.955, de 21 de outubro de 2021; ou
- art. 3º, caput, inciso I, alínea “i”, §§ 8º e 9º, da Resolução BCB nº 199, de 11 de março de 2022.",2025-09-30,17125636012.0,anexo-pilar3-circular-3930-q4-2025.xlsx
2,Nível I,2025-09-30,20550340602.31,anexo-pilar3-circular-3930-q3-2025__1_.xlsx
2,Nível I,2025-09-30,20550340602.0,anexo-pilar3-circular-3930-q4-2025.xlsx
2a,Nível I considerando a apuração do Capital Principal conforme linha 1a ,2025-09-30,18945059573.260002,anexo-pilar3-circular-3930-q3-2025__1_.xlsx
2a,Nível I considerando a apuração do Capital Principal conforme linha 1a ,2025-09-30,18945059573.0,anexo-pilar3-circular-3930-q4-2025.xlsx
3,Patrimônio de Referência (PR),2025-09-30,22991259991.45,anexo-pilar3-circular-3930-q3-2025__1_.xlsx
3,Patrimônio de Referência (PR),2025-09-30,22991259991.0,anexo-pilar3-circular-3930-q4-2025.xlsx
3a,Patrimônio de Referência (PR) considerando a apuração do Capital Principal conforme linha 1a ,2025-09-30,21385978962.4,anexo-pilar3-circular-3930-q3-2025__1_.xlsx
3a,Patrimônio de Referência (PR) considerando a apuração do Capital Principal conforme linha 1a ,2025-09-30,21385978962.0,anexo-pilar3-circular-3930-q4-2025.xlsx
4,RWA total,2025-09-30,157601626621.93,anexo-pilar3-circular-3930-q3-2025__1_.xlsx
4,RWA total,2025-09-30,157601626622.0,anexo-pilar3-circular-3930-q4-2025.xlsx
4b,"RWA corresponde à linha 4 deduzindo, conforme aplicável, o valor referente ao inciso XII do caput do art. 4º ponderado pelo Fator de Ponderação de Risco (FPR) estabelecido no art. 82-A, ambos os comandos da Resolução 229, de 12 de maio de 2022.",2025-09-30,155996345592.88,anexo-pilar3-circular-3930-q3-2025__1_.xlsx
4b,"RWA corresponde à linha 4 deduzindo, conforme aplicável, o valor referente ao inciso XII do caput do art. 4º ponderado pelo Fator de Ponderação de Risco (FPR) estabelecido no art. 82-A, ambos os comandos da Resolução 229, de 12 de maio de 2022.",2025-09-30,155996345593.0,anexo-pilar3-circular-3930-q4-2025.xlsx
5,Índice de Capital Principal (ICP),2025-09-30,0.1188,anexo-pilar3-circular-3930-q3-2025__1_.xlsx
5,Índice de Capital Principal (ICP),2025-09-30,0.1188,anexo-pilar3-circular-3930-q4-2025.xlsx
5a,"Índice de Capital Principal (ICP) considerando: 
- Numerador: corresponde à linha 1a 
- Denominador: corresponde à linha 4b",2025-09-30,0.10978228975071355,anexo-pilar3-circular-3930-q3-2025__1_.xlsx
5a,"Índice de Capital Principal (ICP) considerando: 
- Numerador: corresponde à linha 1a 
- Denominador: corresponde à linha 4b",2025-09-30,0.1098,anexo-pilar3-circular-3930-q4-2025.xlsx
6,Índice de Nível 1 (%),2025-09-30,0.1304,anexo-pilar3-circular-3930-q3-2025__1_.xlsx
6,Índice de Nível 1 (%),2025-09-30,0.1304,anexo-pilar3-circular-3930-q4-2025.xlsx
6a,"Índice de Nível 1, considerando:
- Numerador: corresponde à linha 2a
- Denominador: corresponde à linha 4b",2025-09-30,0.12144553451721816,anexo-pilar3-circular-3930-q3-2025__1_.xlsx
6a,"Índice de Nível 1, considerando:
- Numerador: corresponde à linha 2a
- Denominador: corresponde à linha 4b",2025-09-30,0.1214,anexo-pilar3-circular-3930-q4-2025.xlsx
7,Índice de Basileia,2025-09-30,0.1459,anexo-pilar3-circular-3930-q3-2025__1_.xlsx
7,Índice de Basileia,2025-09-30,0.1459,anexo-pilar3-circular-3930-q4-2025.xlsx
7a,"Índice de Basileia, considerando:
- Numerador: corresponde à linha 3a
- Denominador: corresponde à linha 4b",2025-09-30,0.13709282022678423,anexo-pilar3-circular-3930-q3-2025__1_.xlsx
7a,"Índice de Basileia, considerando:
- Numerador: corresponde à linha 3a
- Denominador: corresponde à linha 4b",2025-09-30,0.1371,anexo-pilar3-circular-3930-q4-2025.xlsx
8,Adicional de Conservação de Capital Principal - ACPConservação (%),2025-09-30,0.025,anexo-pilar3-circular-3930-q3-2025__1_.xlsx
8,Adicional de Conservação de Capital Principal - ACPConservação (%),2025-09-30,0.025,anexo-pilar3-circular-3930-q4-2025.xlsx
1,Capital Principal,2025-12-31,22232143532.0,anexo-pilar3-circular-3930-q4-2025.xlsx
11,ACP total (%),2025-12-31,0.025,anexo-pilar3-circular-3930-q4-2025.xlsx
12,Margem excedente de Capital Principal (%),2025-12-31,0.0599,anexo-pilar3-circular-3930-q4-2025.xlsx
12a,Margem excedente de Capital Principal (%) considerando o Capital Principal conforme linha 1a,2025-12-31,0.0517,anexo-pilar3-circular-3930-q4-2025.xlsx
1a,"Capital Principal corresponde à linha 1 deduzindo, conforme aplicável, o valor estabelecido pelo:
- art. 4º, caput, inciso I, alínea “i”, e §§ 8º e 9º, da Resolução CMN nº 4.955, de 21 de outubro de 2021; ou
- art. 3º, caput, inciso I, alínea “i”, §§ 8º e 9º, da Resolução BCB nº 199, de 11 de março de 2022.",2025-12-31,20626862503.0,anexo-pilar3-circular-3930-q4-2025.xlsx
2,Nível I,2025-12-31,24579306522.0,anexo-pilar3-circular-3930-q4-2025.xlsx
2a,Nível I considerando a apuração do Capital Principal conforme linha 1a ,2025-12-31,22974025493.0,anexo-pilar3-circular-3930-q4-2025.xlsx
3,Patrimônio de Referência (PR),2025-12-31,28354236075.0,anexo-pilar3-circular-3930-q4-2025.xlsx
3a,Patrimônio de Referência (PR) considerando a apuração do Capital Principal conforme linha 1a ,2025-12-31,26748955046.0,anexo-pilar3-circular-3930-q4-2025.xlsx
4,RWA total,2025-12-31,171142037672.0,anexo-pilar3-circular-3930-q4-2025.xlsx
4b,"RWA corresponde à linha 4 deduzindo, conforme aplicável, o valor referente ao inciso XII do caput do art. 4º ponderado pelo Fator de Ponderação de Risco (FPR) estabelecido no art. 82-A, ambos os comandos da Resolução 229, de 12 de maio de 2022.",2025-12-31,169536756643.0,anexo-pilar3-circular-3930-q4-2025.xlsx
5,Índice de Capital Principal (ICP),2025-12-31,0.1299,anexo-pilar3-circular-3930-q4-2025.xlsx
5a,"Índice de Capital Principal (ICP) considerando: 
- Numerador: corresponde à linha 1a 
- Denominador: corresponde à linha 4b",2025-12-31,0.1217,anexo-pilar3-circular-3930-q4-2025.xlsx
6,Índice de Nível 1 (%),2025-12-31,0.1436,anexo-pilar3-circular-3930-q4-2025.xlsx
6a,"Índice de Nível 1, considerando:
- Numerador: corresponde à linha 2a
- Denominador: corresponde à linha 4b",2025-12-31,0.1355,anexo-pilar3-circular-3930-q4-2025.xlsx
7,Índice de Basileia,2025-12-31,0.1657,anexo-pilar3-circular-3930-q4-2025.xlsx
7a,"Índice de Basileia, considerando:
- Numerador: corresponde à linha 3a
- Denominador: corresponde à linha 4b",2025-12-31,0.1578,anexo-pilar3-circular-3930-q4-2025.xlsx
8,Adicional de Conservação de Capital Principal - ACPConservação (%),2025-12-31,0.025,anexo-pilar3-circular-3930-q4-2025.xlsx
